ip4_prefix,number
104.17.59.0,44
104.16.222.0,44
217.160.82.0,3
104.25.21.0,40
104.28.150.0,42
192.16.0.0,13
104.28.48.0,40
194.58.192.0,5
104.20.130.0,43
104.16.241.0,42
151.101.201.0,15
172.64.175.0,44
200.3.122.0,2
104.27.173.0,40
69.36.145.0,7
104.28.73.0,43
104.16.59.0,40
64.185.167.0,8
104.16.41.0,42
78.142.18.0,4
104.17.91.0,45
207.171.179.0,15
104.17.249.0,44
104.28.156.0,40
35.186.192.0,27
104.27.22.0,42
207.223.169.0,10
167.89.16.0,3
185.187.152.0,6
35.190.57.0,27
35.186.216.0,30
104.31.113.0,42
104.25.43.0,42
104.17.115.0,44
172.64.143.0,44
163.47.111.0,2
167.89.66.0,3
204.74.115.0,7
104.27.29.0,40
99.197.99.0,5
104.31.211.0,40
104.16.203.0,43
65.22.116.0,4
172.64.56.0,38
114.141.73.0,8
104.25.202.0,40
162.159.4.0,47
162.159.30.0,45
199.182.162.0,4
104.19.226.0,40
65.22.245.0,4
104.19.140.0,39
192.230.123.0,14
104.28.57.0,42
5.200.5.0,4
185.102.216.0,4
170.169.65.0,4
65.22.80.0,4
104.27.91.0,44
35.190.64.0,24
104.17.209.0,44
104.31.226.0,40
104.31.28.0,46
35.190.88.0,26
104.24.224.0,42
104.193.183.0,14
104.28.146.0,43
104.28.251.0,40
192.58.193.0,3
104.28.93.0,42
104.27.242.0,42
104.26.2.0,40
104.17.109.0,43
35.190.89.0,27
35.190.11.0,30
208.109.255.0,10
35.190.75.0,24
69.16.132.0,3
104.16.47.0,40
35.190.81.0,25
104.25.103.0,42
104.28.177.0,40
165.87.201.0,4
35.186.237.0,28
17.253.206.0,16
104.27.196.0,40
104.31.209.0,39
198.7.31.0,7
104.28.245.0,42
104.27.183.0,40
104.28.54.0,43
108.59.164.0,8
104.24.29.0,40
199.182.0.0,4
107.154.151.0,6
104.23.132.0,43
35.190.35.0,28
208.54.71.0,3
150.164.22.0,2
45.116.91.0,8
157.52.97.0,18
104.16.107.0,45
104.27.78.0,40
76.9.12.0,4
64.96.240.0,4
104.16.230.0,44
13.107.43.0,14
69.169.231.0,2
151.101.209.0,2
35.190.13.0,25
70.40.4.0,9
104.24.199.0,42
104.25.171.0,42
104.20.222.0,46
199.73.83.0,10
104.16.195.0,44
72.14.249.0,10
194.0.25.0,6
50.31.243.0,8
185.38.98.0,7
216.87.154.0,6
70.40.15.0,8
208.67.239.0,8
104.28.127.0,40
104.29.6.0,38
107.154.120.0,4
151.101.100.0,10
72.52.14.0,8
35.190.42.0,29
13.107.3.0,16
66.235.157.0,9
198.21.3.0,3
104.17.127.0,42
204.16.255.0,3
104.20.41.0,40
104.28.124.0,42
104.20.119.0,44
125.208.35.0,2
104.31.64.0,40
65.61.188.0,3
200.238.227.0,2
65.22.102.0,4
104.24.228.0,45
104.20.147.0,45
104.31.31.0,45
192.82.138.0,8
65.22.53.0,4
162.159.6.0,45
204.12.76.0,4
208.76.45.0,6
172.64.192.0,40
35.186.224.0,27
104.27.56.0,40
104.27.129.0,39
65.22.191.0,23
193.109.81.0,6
104.26.4.0,38
104.16.44.0,44
104.20.239.0,46
203.55.142.0,3
104.28.92.0,42
104.20.110.0,40
104.16.167.0,45
104.27.123.0,40
141.101.114.0,46
63.150.72.0,4
104.17.39.0,42
64.202.132.0,4
162.251.147.0,3
65.22.125.0,4
172.64.195.0,39
104.17.181.0,44
199.249.124.0,14
167.89.49.0,3
216.52.112.0,4
156.154.68.0,10
17.171.63.0,15
65.22.235.0,23
172.107.78.0,3
104.28.200.0,38
104.25.247.0,40
173.199.96.0,8
104.25.15.0,40
35.190.81.0,27
104.31.9.0,40
194.0.39.0,6
104.17.50.0,44
104.20.127.0,43
104.24.103.0,38
104.17.104.0,43
5.226.176.0,4
35.190.67.0,27
67.215.71.0,4
134.215.200.0,8
104.25.77.0,40
172.64.38.0,12
205.233.22.0,10
13.107.8.0,16
104.31.73.0,42
200.238.214.0,2
207.223.163.0,10
104.20.162.0,46
63.243.194.0,7
192.230.112.0,2
104.16.243.0,44
173.194.85.0,10
168.245.0.0,3
151.101.237.0,13
104.27.200.0,40
200.238.224.0,2
104.28.189.0,40
152.195.12.0,8
35.186.232.0,29
104.25.128.0,43
104.27.34.0,39
35.190.63.0,27
104.25.118.0,42
104.24.7.0,40
104.17.128.0,42
104.27.128.0,40
104.29.77.0,37
104.16.207.0,45
104.27.242.0,34
185.45.147.0,4
104.20.7.0,45
104.28.5.0,42
162.159.235.0,45
104.25.37.0,40
104.23.107.0,47
65.22.129.0,4
104.16.71.0,42
104.28.95.0,43
104.16.108.0,44
209.218.140.0,6
104.31.81.0,39
104.23.240.0,34
104.31.222.0,39
66.153.20.0,3
104.17.112.0,42
37.209.196.0,5
213.167.229.0,2
162.88.52.0,7
173.194.225.0,10
130.211.38.0,29
104.31.88.0,40
89.255.255.0,5
128.0.68.0,5
5.149.128.0,4
104.16.54.0,44
185.58.212.0,5
104.31.15.0,40
104.24.213.0,44
110.232.178.0,8
104.16.236.0,44
104.17.51.0,44
205.204.111.0,4
104.25.176.0,40
45.54.53.0,6
104.25.194.0,42
104.24.110.0,40
151.101.155.0,13
104.17.148.0,43
151.101.102.0,9
104.28.90.0,40
184.25.179.0,4
104.25.66.0,42
172.64.203.0,40
178.248.236.0,9
192.50.43.0,3
104.25.127.0,42
194.0.3.0,3
104.31.144.0,40
104.18.61.0,37
104.24.107.0,40
35.186.230.0,26
104.37.178.0,7
104.20.148.0,46
104.27.81.0,45
104.27.88.0,44
104.17.54.0,43
104.16.244.0,43
104.17.44.0,43
35.186.239.0,27
104.25.86.0,40
172.64.162.0,42
104.27.43.0,40
23.216.53.0,17
190.93.244.0,49
152.195.37.0,8
104.24.62.0,40
104.24.240.0,43
35.190.77.0,26
151.139.247.0,14
35.190.56.0,25
46.105.205.0,4
76.12.92.0,4
80.80.81.0,6
104.17.89.0,46
35.190.68.0,26
65.22.199.0,23
104.17.235.0,42
70.40.14.0,8
185.21.171.0,6
199.253.62.0,3
146.88.139.0,8
172.64.133.0,43
168.245.40.0,3
104.27.189.0,40
50.30.184.0,3
192.250.209.0,3
178.248.234.0,9
104.25.253.0,42
184.31.3.0,5
35.186.195.0,29
46.105.200.0,4
104.16.49.0,40
13.107.17.0,28
104.25.157.0,43
72.42.126.0,23
65.22.58.0,5
104.25.7.0,40
23.1.106.0,8
104.31.196.0,39
65.22.200.0,4
64.6.64.0,8
104.28.155.0,40
156.154.65.0,13
104.27.41.0,42
172.64.47.0,12
104.25.89.0,39
8.19.31.0,5
192.230.89.0,6
104.20.24.0,46
104.28.130.0,43
104.24.231.0,43
104.16.50.0,42
70.40.2.0,9
104.31.114.0,37
194.146.107.0,22
104.24.113.0,40
130.211.25.0,27
74.125.34.0,9
209.236.200.0,3
104.24.89.0,43
172.64.1.0,16
104.27.121.0,40
203.119.88.0,23
65.22.224.0,4
104.24.226.0,44
216.168.228.0,5
162.159.8.0,47
23.1.35.0,4
162.159.26.0,46
103.61.61.0,3
173.194.247.0,10
104.16.5.0,42
107.162.137.0,7
104.27.193.0,42
151.139.246.0,16
104.29.24.0,37
104.24.151.0,44
104.17.67.0,44
167.89.31.0,3
210.130.232.0,4
69.25.81.0,9
185.167.176.0,8
130.211.39.0,28
104.24.34.0,42
199.182.32.0,16
178.248.239.0,9
104.20.16.0,43
104.16.247.0,43
104.31.164.0,39
104.17.192.0,42
104.31.160.0,40
167.89.70.0,3
65.22.201.0,3
104.23.111.0,46
104.20.69.0,43
104.19.93.0,44
167.89.40.0,3
216.146.36.0,6
199.249.125.0,13
104.27.127.0,40
198.41.208.0,46
104.27.45.0,40
104.17.140.0,40
198.37.155.0,3
104.31.155.0,40
125.125.125.0,2
70.40.11.0,9
162.251.32.0,3
204.246.1.0,7
23.249.49.0,5
216.108.239.0,6
104.27.144.0,40
130.211.28.0,27
23.7.244.0,5
104.20.83.0,46
35.186.198.0,30
35.190.85.0,28
104.23.133.0,43
104.25.120.0,42
192.229.162.0,9
65.22.228.0,4
104.31.83.0,39
192.40.100.0,3
107.154.85.0,3
103.28.250.0,4
107.162.138.0,6
104.17.93.0,44
104.17.78.0,45
167.89.35.0,3
65.22.25.0,4
104.25.10.0,40
213.227.160.0,13
104.17.57.0,44
104.17.93.0,45
207.171.170.0,15
104.30.10.0,37
35.186.248.0,28
104.28.36.0,40
156.154.177.0,7
104.28.208.0,43
13.107.4.0,35
107.178.247.0,30
150.164.159.0,2
104.17.150.0,43
104.24.174.0,44
195.47.253.0,6
103.49.81.0,3
194.0.10.0,6
65.22.85.0,4
151.101.158.0,13
104.25.164.0,42
65.22.173.0,4
104.20.159.0,47
104.24.160.0,40
167.89.52.0,3
172.64.102.0,43
213.248.221.0,3
104.27.206.0,40
185.136.96.0,10
192.229.218.0,10
104.16.86.0,43
184.31.10.0,8
104.17.17.0,42
199.7.69.0,10
104.24.246.0,43
104.28.58.0,44
35.190.80.0,24
107.162.136.0,7
104.27.72.0,45
104.16.142.0,44
65.22.219.0,22
208.93.17.0,4
65.22.137.0,4
151.101.168.0,12
156.154.64.0,13
104.25.249.0,40
104.25.182.0,40
185.151.141.0,5
65.22.41.0,4
65.22.119.0,20
104.17.158.0,43
104.25.218.0,40
35.190.91.0,27
104.17.222.0,45
104.17.56.0,45
104.19.50.0,43
140.205.122.0,6
198.41.0.0,6
172.64.111.0,42
104.23.120.0,45
65.22.76.0,4
104.25.79.0,44
172.64.66.0,34
104.17.105.0,43
104.37.179.0,7
104.17.139.0,43
104.16.214.0,44
35.190.87.0,25
104.17.229.0,43
69.172.216.0,5
195.253.65.0,4
104.17.104.0,40
192.254.124.0,3
35.190.114.0,28
104.17.68.0,44
104.28.164.0,40
162.159.225.0,44
104.25.71.0,44
130.211.16.0,27
35.186.245.0,28
192.158.244.0,10
104.18.52.0,37
168.245.62.0,3
200.236.136.0,2
141.101.121.0,39
35.190.72.0,24
104.31.135.0,40
104.16.153.0,43
64.185.179.0,15
35.190.116.0,29
69.171.239.0,18
192.0.74.0,18
104.16.149.0,43
104.24.127.0,40
130.211.6.0,29
167.89.64.0,3
72.0.60.0,24
35.190.37.0,29
172.64.74.0,35
199.253.59.0,4
172.64.108.0,42
104.28.202.0,40
194.0.41.0,6
104.18.48.0,38
156.154.126.0,10
199.116.165.0,4
104.31.68.0,40
172.64.69.0,34
104.24.167.0,40
130.211.44.0,29
104.17.152.0,43
104.16.102.0,45
151.249.124.0,4
107.154.196.0,6
104.25.83.0,40
162.159.215.0,39
104.24.38.0,45
192.230.91.0,2
151.101.176.0,13
104.16.165.0,45
192.16.37.0,9
104.28.17.0,40
107.154.71.0,2
104.31.67.0,40
107.154.155.0,6
104.16.175.0,44
64.145.73.0,5
104.16.13.0,42
104.28.141.0,42
104.20.94.0,45
194.14.236.0,5
104.19.203.0,43
96.7.50.0,9
104.24.112.0,40
104.19.62.0,45
72.42.118.0,23
192.82.137.0,7
104.20.2.0,44
151.101.229.0,13
104.24.215.0,42
104.19.193.0,40
104.24.7.0,42
104.20.223.0,44
104.17.3.0,43
104.31.199.0,37
104.17.223.0,43
104.25.102.0,43
216.59.60.0,3
104.25.130.0,42
104.25.91.0,40
70.40.7.0,9
104.24.197.0,40
185.190.83.0,6
150.164.41.0,2
42.83.132.0,2
172.64.20.0,15
13.107.42.0,23
104.20.219.0,45
194.68.45.0,6
104.24.69.0,43
192.225.211.0,4
172.64.25.0,15
72.8.190.0,5
65.22.17.0,4
162.159.17.0,45
104.16.126.0,43
104.20.40.0,42
104.17.153.0,43
156.154.168.0,6
199.249.127.0,13
104.19.103.0,45
104.25.137.0,42
150.164.119.0,2
23.185.0.0,19
200.133.255.0,2
107.154.140.0,5
104.25.213.0,40
208.78.71.0,15
104.27.164.0,40
104.18.5.0,42
12.120.58.0,6
150.164.182.0,2
104.24.61.0,42
162.159.221.0,37
172.64.33.0,12
216.59.56.0,5
162.88.61.0,13
168.245.38.0,3
23.45.77.0,4
151.101.170.0,13
104.20.18.0,44
104.19.135.0,39
162.159.239.0,44
104.20.6.0,43
68.232.44.0,8
104.20.153.0,45
172.64.34.0,12
130.211.15.0,26
104.28.210.0,42
104.19.27.0,43
185.61.8.0,2
104.28.91.0,43
12.120.57.0,7
202.49.64.0,3
162.159.131.0,40
107.154.135.0,4
104.31.6.0,42
1.8.152.0,4
104.28.81.0,44
104.16.136.0,44
173.194.241.0,10
65.22.55.0,22
64.86.235.0,7
104.29.65.0,37
104.16.182.0,45
104.24.52.0,43
104.27.150.0,40
104.19.38.0,44
107.154.86.0,5
35.190.39.0,30
207.172.3.0,3
104.27.118.0,40
162.159.208.0,44
104.28.44.0,40
125.208.44.0,5
104.27.169.0,40
104.16.97.0,42
35.190.64.0,27
65.22.28.0,4
104.16.245.0,44
104.27.209.0,40
93.170.91.0,5
104.25.139.0,42
104.25.207.0,40
104.25.80.0,42
104.31.95.0,40
104.28.18.0,40
104.24.31.0,42
104.27.92.0,43
185.193.36.0,5
104.27.111.0,43
104.23.117.0,46
104.17.233.0,42
173.194.87.0,10
107.154.150.0,6
141.101.115.0,44
104.28.117.0,40
104.23.205.0,46
104.25.233.0,43
104.20.114.0,42
173.194.245.0,10
177.104.50.0,2
68.232.43.0,10
84.21.48.0,3
65.22.93.0,4
185.84.241.0,3
104.28.147.0,40
104.24.216.0,40
65.22.133.0,4
104.17.6.0,43
35.186.223.0,29
104.16.35.0,43
35.186.249.0,30
203.119.3.0,3
104.31.168.0,40
65.22.49.0,3
104.28.74.0,43
104.28.39.0,42
104.104.58.0,15
104.31.215.0,38
167.89.13.0,3
72.246.46.0,7
210.103.240.0,6
192.42.178.0,5
104.16.232.0,43
35.190.59.0,25
104.27.21.0,40
185.37.37.0,5
104.20.1.0,42
104.25.76.0,43
104.24.209.0,42
104.24.225.0,42
104.27.70.0,45
104.24.60.0,43
104.31.177.0,40
173.244.54.0,3
13.107.16.0,6
198.51.44.0,14
104.17.193.0,44
156.154.142.0,13
104.28.108.0,40
35.186.225.0,27
204.13.250.0,13
192.229.169.0,8
107.162.142.0,6
23.216.52.0,17
104.20.226.0,45
204.70.25.0,5
35.190.85.0,27
104.20.67.0,43
151.101.253.0,13
68.142.254.0,8
104.31.228.0,40
104.17.129.0,43
104.20.103.0,43
92.38.38.0,4
205.251.200.0,3
104.27.136.0,39
104.31.184.0,40
104.17.82.0,44
35.186.251.0,27
104.16.160.0,45
104.24.116.0,40
104.24.59.0,40
151.101.131.0,20
193.34.134.0,6
104.20.61.0,43
104.19.201.0,43
107.154.166.0,3
204.194.234.0,4
130.211.14.0,29
172.64.96.0,42
104.20.192.0,43
213.174.134.0,8
104.27.114.0,39
104.27.11.0,44
104.24.71.0,42
104.17.201.0,44
168.245.17.0,3
104.31.65.0,40
66.242.1.0,4
151.101.238.0,12
192.229.239.0,8
193.108.91.0,22
104.25.17.0,40
89.31.141.0,2
199.182.1.0,4
35.190.9.0,28
192.12.94.0,4
156.154.154.0,6
104.19.26.0,43
146.88.142.0,8
72.42.120.0,24
104.27.87.0,45
172.64.63.0,37
150.164.27.0,2
104.27.130.0,40
167.89.80.0,3
104.17.167.0,43
104.17.179.0,44
104.17.21.0,43
104.31.167.0,38
192.42.93.0,4
65.22.29.0,4
104.24.44.0,43
104.25.31.0,40
104.17.63.0,43
65.22.103.0,20
104.23.195.0,46
65.22.47.0,20
199.66.205.0,5
107.154.170.0,4
104.27.243.0,33
173.194.228.0,10
104.16.130.0,44
13.107.57.0,14
185.115.0.0,5
104.24.145.0,40
104.20.166.0,45
104.17.165.0,43
104.28.185.0,40
104.29.20.0,38
107.154.109.0,3
104.16.127.0,43
104.17.112.0,43
104.20.128.0,44
35.190.41.0,27
104.24.39.0,43
104.20.5.0,45
65.22.171.0,22
104.133.11.0,2
35.186.215.0,30
104.16.53.0,42
104.16.201.0,44
172.64.109.0,42
35.190.52.0,30
104.17.58.0,42
35.190.78.0,27
35.186.199.0,28
108.179.174.0,3
210.2.4.0,3
200.16.27.0,2
104.20.21.0,46
104.17.84.0,44
156.154.102.0,10
185.28.45.0,4
198.232.126.0,9
104.17.224.0,44
192.33.29.0,12
104.28.240.0,40
104.20.216.0,46
104.28.47.0,43
104.27.163.0,40
194.0.27.0,36
162.159.233.0,45
46.105.206.0,3
104.16.215.0,45
104.20.183.0,44
104.17.206.0,43
104.27.25.0,43
65.22.176.0,4
65.22.38.0,4
165.156.18.0,12
107.154.248.0,4
104.24.134.0,43
104.24.17.0,40
104.25.56.0,40
35.190.99.0,26
35.190.120.0,27
104.17.45.0,40
65.22.139.0,24
104.27.218.0,40
104.24.156.0,40
104.20.13.0,42
104.27.37.0,42
104.24.168.0,43
107.154.137.0,6
64.28.119.0,4
207.223.175.0,10
173.194.255.0,10
104.16.254.0,40
104.25.242.0,43
206.222.68.0,4
104.20.228.0,43
172.64.44.0,12
104.25.254.0,40
65.22.27.0,23
163.10.76.0,2
104.31.218.0,40
104.24.217.0,43
103.78.120.0,5
104.31.7.0,40
104.25.13.0,40
104.24.25.0,43
104.24.48.0,43
104.28.32.0,44
104.16.169.0,45
68.68.113.0,3
192.229.238.0,9
104.30.7.0,38
35.190.73.0,26
198.41.222.0,48
104.17.81.0,43
200.131.0.0,2
104.31.77.0,43
66.254.127.0,6
104.24.241.0,42
104.16.109.0,45
104.25.122.0,42
104.16.89.0,42
104.31.133.0,40
35.190.74.0,24
204.93.201.0,8
104.27.137.0,40
205.251.196.0,10
162.159.234.0,42
162.159.214.0,40
104.23.105.0,46
104.17.202.0,43
104.20.212.0,46
204.13.251.0,13
172.64.64.0,34
65.22.35.0,22
72.0.63.0,24
104.20.57.0,42
178.248.235.0,9
46.105.198.0,7
104.25.19.0,39
104.28.203.0,40
104.31.220.0,42
104.25.107.0,44
93.184.219.0,7
104.19.70.0,43
104.19.25.0,42
104.20.10.0,43
104.17.179.0,43
194.146.106.0,24
104.28.109.0,39
96.17.110.0,5
104.28.163.0,40
104.28.168.0,40
72.14.246.0,9
35.190.7.0,27
156.154.205.0,7
104.25.193.0,40
199.101.30.0,5
173.245.58.0,46
107.154.130.0,4
104.16.4.0,43
104.17.61.0,43
104.25.236.0,40
207.223.172.0,9
107.154.2.0,4
178.248.233.0,10
172.64.201.0,40
104.28.76.0,42
35.190.118.0,29
104.23.98.0,46
104.24.150.0,42
192.0.66.0,17
104.31.244.0,40
104.20.124.0,44
156.154.144.0,13
13.107.49.0,14
172.64.70.0,34
104.27.39.0,40
104.27.52.0,42
216.87.145.0,6
104.27.187.0,40
162.159.18.0,46
104.28.40.0,40
203.130.51.0,5
199.254.30.0,6
65.22.236.0,4
130.211.10.0,27
220.243.246.0,10
151.101.177.0,13
35.190.8.0,25
65.22.99.0,22
35.186.229.0,27
70.40.9.0,9
104.29.64.0,39
119.29.29.0,4
104.23.243.0,36
156.154.101.0,8
200.133.210.0,2
23.1.99.0,5
162.249.183.0,9
13.107.52.0,7
117.18.237.0,8
207.171.17.0,3
192.41.162.0,3
178.255.83.0,5
170.178.191.0,5
104.23.103.0,45
104.19.224.0,39
164.73.160.0,2
205.251.197.0,10
104.28.250.0,40
172.64.11.0,16
35.186.238.0,27
172.64.13.0,16
104.16.76.0,40
68.232.34.0,7
163.10.39.0,2
104.19.79.0,42
199.19.54.0,4
104.17.16.0,43
104.25.124.0,40
104.19.32.0,42
167.89.30.0,3
104.17.239.0,42
104.28.62.0,40
156.154.166.0,7
107.154.168.0,4
104.16.77.0,42
104.17.28.0,43
35.190.117.0,28
104.17.24.0,42
104.31.251.0,39
104.16.194.0,44
104.28.1.0,40
172.106.21.0,5
199.7.68.0,13
104.19.206.0,42
13.107.66.0,16
104.24.221.0,44
172.64.196.0,39
104.17.210.0,43
35.190.124.0,24
108.175.111.0,2
35.190.108.0,32
35.190.70.0,25
45.35.169.0,2
192.190.94.0,2
185.106.234.0,2
104.17.86.0,44
172.64.98.0,42
17.253.217.0,14
35.190.24.0,28
65.22.168.0,4
104.25.110.0,40
200.219.154.0,5
65.22.183.0,22
104.24.204.0,44
104.31.178.0,39
65.22.238.0,3
156.154.164.0,7
65.22.61.0,4
104.27.98.0,45
207.223.160.0,10
93.184.215.0,8
45.54.37.0,4
173.194.251.0,10
104.31.84.0,40
104.28.228.0,40
162.88.59.0,7
165.156.19.0,10
104.16.21.0,44
104.17.128.0,43
107.154.184.0,5
172.64.73.0,33
104.17.249.0,45
212.193.151.0,3
104.24.4.0,42
104.20.115.0,45
104.17.251.0,44
194.0.11.0,5
88.208.15.0,9
162.159.13.0,46
104.20.186.0,46
104.28.132.0,40
104.25.190.0,40
65.22.39.0,23
130.211.18.0,30
35.190.123.0,25
104.17.20.0,44
65.22.143.0,24
104.27.96.0,42
172.64.39.0,12
104.20.15.0,40
104.28.97.0,42
104.17.243.0,45
104.25.146.0,40
199.254.59.0,4
192.229.219.0,8
107.154.195.0,4
104.20.74.0,42
185.58.213.0,6
207.245.225.0,4
104.29.41.0,38
104.16.187.0,46
104.23.196.0,45
67.217.95.0,5
104.16.129.0,45
104.20.96.0,47
185.113.231.0,7
192.188.22.0,4
104.23.127.0,46
151.101.153.0,13
185.21.168.0,7
104.16.56.0,40
104.17.201.0,42
93.93.102.0,4
104.17.92.0,46
192.82.134.0,8
74.125.70.0,3
104.20.156.0,45
104.25.186.0,42
104.17.18.0,42
104.24.146.0,42
35.190.38.0,26
104.16.146.0,43
104.24.201.0,40
52.84.150.0,12
199.249.121.0,12
104.20.0.0,42
104.16.226.0,45
13.107.22.0,13
104.28.233.0,42
104.19.65.0,43
104.18.51.0,38
198.32.11.0,3
167.160.67.0,5
104.27.95.0,44
104.16.224.0,45
172.106.23.0,4
172.64.107.0,43
104.17.47.0,40
65.22.37.0,4
104.19.138.0,40
104.17.234.0,42
35.190.69.0,26
66.114.55.0,20
69.28.143.0,22
23.211.61.0,10
104.17.212.0,43
172.11.19.0,2
104.31.161.0,40
67.228.253.0,12
167.89.76.0,3
104.20.106.0,44
204.74.113.0,13
104.18.33.0,38
69.36.157.0,4
35.190.31.0,26
107.154.144.0,4
104.16.99.0,43
104.17.141.0,42
70.40.1.0,9
104.25.220.0,42
205.251.198.0,9
104.25.125.0,42
163.10.203.0,2
209.197.128.0,3
35.190.113.0,29
162.88.57.0,7
65.22.169.0,3
156.154.128.0,10
69.169.224.0,2
199.254.53.0,3
104.28.165.0,43
185.58.214.0,5
185.26.155.0,9
65.22.181.0,4
104.20.17.0,44
173.194.104.0,10
172.64.166.0,40
35.186.239.0,26
107.154.110.0,3
151.101.199.0,13
104.23.102.0,46
207.223.162.0,10
131.253.21.0,30
104.31.17.0,45
104.27.107.0,45
65.22.95.0,22
104.31.89.0,40
199.253.58.0,6
104.16.209.0,46
104.20.176.0,46
104.25.235.0,40
173.194.227.0,10
104.18.39.0,38
193.110.181.0,2
194.29.83.0,8
172.64.46.0,12
104.17.68.0,43
104.25.199.0,42
104.31.70.0,40
104.20.22.0,45
72.42.116.0,25
35.186.200.0,28
172.64.6.0,16
104.18.7.0,40
104.20.40.0,40
151.101.171.0,13
69.172.219.0,3
130.211.40.0,26
172.64.135.0,40
65.22.115.0,23
204.70.57.0,4
200.144.189.0,2
104.28.31.0,40
174.35.49.0,20
185.21.170.0,6
104.31.21.0,44
65.22.153.0,4
198.175.15.0,2
69.168.229.0,8
104.17.198.0,45
5.149.129.0,4
104.17.230.0,44
104.16.202.0,44
200.0.183.0,2
104.24.120.0,42
151.101.167.0,2
152.195.39.0,6
152.195.8.0,6
104.28.69.0,43
104.27.204.0,39
104.20.199.0,44
185.39.210.0,5
199.253.57.0,3
5.45.213.0,10
104.25.155.0,42
162.159.24.0,46
104.23.201.0,45
156.154.153.0,6
172.64.173.0,40
104.31.189.0,39
162.88.42.0,6
104.25.27.0,40
104.17.190.0,42
104.24.194.0,40
220.243.223.0,3
104.19.102.0,44
193.42.215.0,5
104.27.103.0,44
172.64.140.0,43
104.16.14.0,44
143.107.55.0,2
194.50.113.0,3
180.76.8.0,3
151.101.149.0,2
35.190.39.0,29
104.28.16.0,40
104.20.207.0,44
198.21.5.0,3
162.159.212.0,38
104.17.196.0,40
45.54.60.0,6
104.17.21.0,44
104.27.18.0,43
104.17.96.0,45
104.27.83.0,45
104.17.161.0,42
104.28.131.0,44
104.29.74.0,37
151.101.188.0,13
45.54.46.0,5
110.76.23.0,9
107.154.138.0,7
104.25.35.0,42
104.23.192.0,46
150.164.51.0,2
104.28.87.0,43
104.27.116.0,42
168.245.51.0,3
35.186.231.0,26
64.96.248.0,4
104.24.82.0,40
119.59.75.0,3
104.16.79.0,42
104.28.182.0,40
69.171.255.0,10
104.31.180.0,40
104.16.90.0,42
176.126.87.0,3
104.28.176.0,40
104.17.23.0,42
104.24.23.0,44
35.190.2.0,28
104.25.147.0,40
104.25.195.0,40
65.22.160.0,4
104.18.13.0,42
104.17.246.0,44
194.0.42.0,38
13.107.18.0,16
107.154.197.0,3
35.186.251.0,26
104.31.255.0,39
65.22.222.0,5
104.17.245.0,44
103.77.224.0,5
168.245.60.0,3
104.24.200.0,42
72.52.4.0,7
104.17.144.0,43
107.178.243.0,29
104.17.254.0,43
176.103.130.0,7
104.28.214.0,42
104.16.183.0,45
107.178.245.0,26
104.17.41.0,40
199.101.28.0,4
104.29.27.0,37
107.154.179.0,5
43.230.51.0,3
156.154.141.0,13
104.16.242.0,45
104.17.41.0,43
104.17.133.0,42
200.3.123.0,2
162.159.28.0,47
151.101.221.0,12
104.30.3.0,37
104.20.240.0,45
104.19.227.0,39
198.7.30.0,12
35.186.205.0,27
168.96.249.0,2
107.161.34.0,2
104.20.146.0,45
173.194.249.0,10
94.199.205.0,5
104.28.207.0,42
163.47.206.0,2
173.194.229.0,10
104.29.9.0,37
104.16.172.0,45
156.154.125.0,6
130.211.27.0,28
185.38.99.0,7
199.19.56.0,4
104.25.180.0,40
104.18.12.0,44
104.17.106.0,43
104.24.220.0,42
167.89.85.0,3
104.27.15.0,45
192.5.6.0,7
70.40.10.0,9
185.194.114.0,3
72.167.7.0,8
104.16.133.0,43
74.201.43.0,3
104.20.160.0,44
104.27.176.0,38
104.245.57.0,9
40.40.40.0,3
104.28.14.0,40
107.154.161.0,6
104.24.8.0,40
104.16.208.0,43
104.31.154.0,40
104.27.67.0,44
208.65.150.0,2
151.101.228.0,12
104.24.161.0,40
17.253.200.0,17
151.101.197.0,13
204.74.110.0,14
104.23.122.0,46
35.186.242.0,27
104.31.221.0,40
104.24.173.0,40
104.19.73.0,44
172.64.67.0,33
65.22.155.0,22
12.127.16.0,6
185.106.62.0,3
35.190.40.0,28
104.20.164.0,46
104.20.196.0,43
65.22.52.0,4
198.51.233.0,8
104.28.188.0,42
104.17.165.0,44
65.22.194.0,5
104.29.25.0,37
163.10.5.0,2
104.28.70.0,44
35.190.107.0,30
104.28.59.0,43
104.16.83.0,43
35.186.208.0,29
35.190.78.0,25
104.17.200.0,43
104.24.154.0,42
172.64.18.0,14
108.229.0.0,5
104.16.62.0,44
149.112.149.0,15
162.249.19.0,3
104.23.125.0,46
104.17.125.0,44
104.19.80.0,44
104.31.248.0,40
35.190.59.0,26
69.168.232.0,2
104.19.199.0,45
35.186.200.0,27
104.29.32.0,38
192.28.95.0,7
104.19.128.0,40
104.16.20.0,46
66.173.0.0,6
200.215.197.0,4
150.164.150.0,2
184.85.248.0,6
162.88.53.0,7
104.19.134.0,39
104.20.49.0,44
35.190.25.0,29
173.194.244.0,10
162.251.82.0,36
167.89.84.0,3
72.0.49.0,23
104.25.20.0,38
104.25.0.0,40
35.190.27.0,28
104.20.138.0,43
104.31.179.0,39
104.16.234.0,45
104.25.67.0,44
104.31.72.0,42
104.16.9.0,44
104.28.61.0,43
104.22.1.0,42
216.239.37.0,27
185.40.154.0,7
209.200.154.0,7
35.190.98.0,26
104.28.42.0,40
104.19.116.0,44
72.21.81.0,9
104.25.40.0,40
104.23.130.0,43
104.24.138.0,40
45.64.64.0,4
69.169.229.0,2
151.101.196.0,13
104.24.129.0,43
199.96.57.0,16
192.229.221.0,6
35.186.209.0,27
104.17.238.0,43
69.66.1.0,3
207.223.161.0,10
107.154.202.0,4
104.16.75.0,42
165.87.13.0,5
104.20.202.0,42
104.17.11.0,42
104.17.200.0,42
151.101.210.0,2
168.245.15.0,3
104.28.171.0,42
192.55.83.0,4
172.85.90.0,8
65.22.90.0,5
35.186.237.0,30
104.16.28.0,44
104.27.213.0,42
192.82.133.0,6
104.17.211.0,43
130.211.32.0,27
104.25.200.0,40
104.17.17.0,43
104.25.150.0,40
104.31.30.0,44
192.230.110.0,3
104.28.227.0,40
35.190.27.0,29
104.28.170.0,40
192.16.36.0,9
104.17.54.0,44
166.102.165.0,3
50.212.120.0,2
104.17.177.0,43
72.21.80.0,19
198.241.10.0,8
204.80.128.0,9
65.22.82.0,4
104.28.179.0,40
104.19.130.0,40
194.169.218.0,6
192.220.124.0,3
172.64.104.0,42
104.17.217.0,44
45.54.43.0,4
104.25.156.0,40
104.24.165.0,40
65.22.89.0,4
104.28.29.0,42
156.154.67.0,8
150.164.69.0,2
104.25.6.0,44
75.75.75.0,5
65.22.77.0,3
107.154.101.0,4
199.19.53.0,3
104.24.79.0,40
104.17.197.0,43
104.20.90.0,43
141.101.122.0,40
104.16.78.0,42
208.76.46.0,8
104.20.143.0,46
104.29.19.0,38
104.27.146.0,40
104.16.162.0,45
173.194.233.0,10
107.154.157.0,6
172.64.2.0,16
104.27.219.0,43
104.19.110.0,45
104.28.214.0,39
104.24.190.0,44
35.190.65.0,27
104.18.53.0,38
185.13.88.0,4
104.16.192.0,46
104.28.254.0,42
104.17.248.0,46
151.101.129.0,19
204.16.254.0,6
207.200.200.0,5
37.209.192.0,9
104.16.228.0,45
104.24.1.0,43
159.180.84.0,9
104.16.113.0,43
104.31.74.0,40
192.157.34.0,3
204.74.108.0,14
104.25.61.0,40
195.253.64.0,5
192.229.242.0,8
192.230.68.0,3
74.211.63.0,7
104.16.184.0,44
104.27.122.0,40
104.17.173.0,43
104.25.74.0,44
185.11.124.0,14
104.16.82.0,42
104.24.139.0,43
104.25.135.0,42
65.22.225.0,3
65.22.157.0,4
35.190.53.0,24
104.27.181.0,40
91.242.173.0,3
104.16.40.0,40
104.23.241.0,36
104.16.100.0,46
104.31.237.0,40
104.16.223.0,45
200.16.17.0,2
104.25.161.0,40
104.25.159.0,42
104.25.163.0,40
104.31.193.0,39
104.27.47.0,40
104.24.205.0,40
104.27.85.0,43
104.17.133.0,44
172.64.200.0,39
104.17.101.0,43
107.154.146.0,6
72.42.115.0,24
104.16.98.0,43
104.27.97.0,44
35.186.212.0,27
107.154.142.0,5
192.230.94.0,2
203.119.86.0,3
40.134.198.0,6
104.20.34.0,42
172.64.202.0,43
104.28.67.0,44
104.29.36.0,38
35.186.203.0,28
104.17.210.0,44
104.26.15.0,40
199.4.137.0,37
104.17.74.0,44
104.16.151.0,43
104.25.121.0,40
104.25.5.0,39
203.130.52.0,12
104.25.60.0,40
104.17.37.0,40
104.27.156.0,40
199.254.58.0,6
35.190.17.0,27
104.24.253.0,44
104.17.30.0,44
107.154.201.0,5
103.247.36.0,8
104.27.0.0,43
104.19.9.0,44
23.248.208.0,2
156.154.167.0,7
104.28.232.0,42
172.64.77.0,33
104.27.166.0,37
104.17.31.0,43
167.89.4.0,3
172.64.139.0,43
104.20.244.0,45
104.17.65.0,43
95.101.76.0,4
156.154.191.0,13
104.19.6.0,44
104.25.151.0,40
185.160.71.0,2
104.28.12.0,40
104.31.233.0,38
192.254.118.0,3
172.64.199.0,39
168.96.192.0,2
178.237.168.0,3
104.156.85.0,20
185.109.242.0,10
104.25.226.0,43
104.25.29.0,39
104.19.129.0,38
104.20.20.0,46
104.18.47.0,37
104.25.58.0,42
35.190.46.0,28
151.139.222.0,10
104.37.180.0,7
72.0.51.0,24
104.27.71.0,44
104.20.109.0,40
104.25.70.0,43
104.16.141.0,44
172.64.49.0,37
104.22.8.0,43
162.88.58.0,7
104.28.180.0,40
104.24.115.0,40
107.154.164.0,4
104.27.12.0,43
104.24.175.0,43
35.190.2.0,27
104.25.115.0,42
172.64.59.0,38
35.190.32.0,26
204.74.114.0,9
104.18.58.0,38
104.31.242.0,40
104.28.51.0,44
181.41.222.0,5
200.136.53.0,2
65.22.62.0,4
107.154.3.0,3
65.22.163.0,20
107.154.163.0,4
173.194.110.0,10
173.194.107.0,9
104.19.57.0,43
104.31.92.0,39
104.25.154.0,43
104.27.100.0,45
172.64.172.0,42
173.194.238.0,10
199.204.24.0,7
45.54.52.0,12
104.17.155.0,44
185.103.200.0,4
104.31.232.0,39
104.31.202.0,42
104.24.187.0,44
104.28.86.0,44
194.0.23.0,6
65.22.106.0,5
104.20.203.0,46
104.28.46.0,42
199.254.54.0,6
198.21.1.0,2
104.17.10.0,45
213.248.223.0,3
104.29.3.0,40
104.160.26.0,3
104.19.58.0,42
104.16.65.0,40
104.20.149.0,45
209.112.113.0,9
104.16.239.0,44
104.27.31.0,43
104.18.40.0,38
104.24.143.0,42
104.17.142.0,44
35.190.19.0,29
104.27.222.0,43
204.117.214.0,6
104.17.124.0,42
150.171.0.0,3
192.229.133.0,6
74.125.67.0,27
66.242.2.0,3
104.23.200.0,45
104.23.193.0,46
104.27.110.0,44
104.25.225.0,40
162.159.228.0,43
67.228.255.0,13
104.16.57.0,43
64.208.140.0,6
168.96.1.0,2
50.31.129.0,6
192.42.177.0,5
172.111.96.0,20
104.17.85.0,45
104.17.76.0,46
104.18.46.0,37
168.245.10.0,3
104.25.68.0,42
104.25.252.0,43
192.229.233.0,7
162.159.27.0,47
104.20.255.0,42
35.186.197.0,29
163.10.41.0,2
64.28.113.0,4
104.16.2.0,43
35.190.112.0,29
104.20.23.0,45
104.27.46.0,40
104.31.254.0,40
104.19.52.0,44
104.31.0.0,43
104.19.7.0,44
104.19.205.0,44
104.25.173.0,40
104.17.26.0,45
104.25.85.0,40
216.126.57.0,3
192.33.4.0,8
104.17.224.0,42
8.20.241.0,4
104.19.54.0,43
104.28.4.0,40
95.101.36.0,7
104.29.5.0,39
192.229.243.0,9
64.185.191.0,6
65.22.70.0,5
104.24.81.0,42
107.154.73.0,2
192.28.92.0,10
13.107.21.0,26
156.154.66.0,13
104.24.254.0,44
72.0.54.0,24
104.29.7.0,38
104.20.85.0,45
104.29.73.0,37
106.2.159.0,5
104.28.252.0,40
104.23.114.0,46
162.88.8.0,2
199.253.61.0,3
104.16.152.0,46
41.216.201.0,4
35.190.106.0,28
104.28.215.0,40
104.17.232.0,43
64.120.1.0,4
35.186.217.0,28
172.64.28.0,15
208.69.38.0,7
104.20.161.0,45
104.16.27.0,43
172.64.26.0,14
104.20.211.0,45
70.40.8.0,8
185.104.208.0,10
104.31.159.0,40
172.64.79.0,34
195.142.105.0,6
152.195.59.0,8
104.27.175.0,40
192.229.254.0,19
104.19.21.0,44
104.20.246.0,43
104.28.89.0,43
104.27.99.0,42
93.170.93.0,5
104.26.0.0,38
104.24.36.0,45
104.17.73.0,43
65.22.32.0,4
104.16.111.0,44
165.117.171.0,3
152.195.61.0,7
199.254.61.0,4
104.28.41.0,43
104.31.85.0,40
104.31.183.0,38
104.27.139.0,38
104.24.86.0,42
45.64.67.0,2
119.28.28.0,3
167.89.93.0,3
65.22.126.0,5
104.25.84.0,42
104.17.26.0,43
205.251.193.0,8
65.22.141.0,3
164.73.79.0,2
176.124.113.0,14
45.64.66.0,2
79.143.48.0,8
104.16.253.0,45
199.167.21.0,3
167.89.73.0,3
104.24.189.0,43
104.24.24.0,40
174.128.169.0,4
168.245.47.0,3
98.158.111.0,10
104.19.194.0,44
104.29.42.0,38
144.254.254.0,7
103.49.83.0,3
192.230.117.0,3
64.185.169.0,7
152.195.15.0,6
151.101.160.0,2
104.19.75.0,44
192.124.129.0,3
66.225.197.0,8
104.17.5.0,44
104.25.112.0,42
104.17.96.0,43
162.159.25.0,45
130.211.31.0,29
104.20.122.0,45
104.24.230.0,43
104.28.83.0,43
172.64.62.0,37
173.246.98.0,2
65.22.122.0,5
104.23.132.0,42
172.64.10.0,16
104.20.230.0,46
104.25.1.0,39
107.154.131.0,5
104.27.172.0,40
104.27.101.0,43
104.25.232.0,40
13.107.160.0,9
104.25.106.0,40
108.59.162.0,7
104.31.230.0,40
104.20.104.0,43
199.116.79.0,3
104.18.6.0,43
104.28.128.0,42
104.27.114.0,40
104.20.84.0,44
104.28.224.0,43
104.31.132.0,39
104.25.206.0,42
45.54.50.0,5
35.190.71.0,26
156.154.172.0,10
165.156.20.0,8
104.20.100.0,42
104.23.131.0,43
104.17.231.0,45
172.64.131.0,40
65.22.69.0,4
104.26.12.0,39
200.144.244.0,2
193.29.206.0,4
104.24.101.0,40
23.111.8.0,7
104.25.95.0,43
104.24.73.0,42
167.89.108.0,3
104.19.96.0,43
198.32.8.0,3
104.16.189.0,44
104.19.114.0,45
104.23.207.0,43
72.0.61.0,23
64.86.234.0,3
104.24.108.0,40
104.23.129.0,43
200.7.4.0,4
104.29.14.0,38
192.230.104.0,3
104.27.152.0,40
131.153.36.0,4
65.22.232.0,4
35.186.241.0,29
192.58.128.0,36
194.117.58.0,38
104.24.40.0,44
104.17.203.0,42
208.76.57.0,12
64.210.141.0,3
104.19.47.0,44
35.190.7.0,24
104.17.176.0,44
104.25.165.0,40
104.25.160.0,42
104.17.124.0,43
35.190.70.0,26
151.101.232.0,12
104.26.8.0,40
104.20.76.0,43
104.24.192.0,40
104.25.93.0,42
192.229.220.0,8
151.101.206.0,13
104.27.199.0,40
107.154.72.0,3
104.17.39.0,43
104.20.215.0,46
104.28.82.0,42
65.22.5.0,14
67.221.250.0,3
104.16.37.0,42
208.72.191.0,4
35.190.123.0,26
104.31.138.0,40
69.168.230.0,7
104.25.145.0,40
104.17.186.0,44
173.194.80.0,10
65.22.59.0,22
134.55.1.0,5
104.28.84.0,42
151.101.248.0,12
104.31.246.0,40
72.0.55.0,24
104.18.49.0,38
76.9.7.0,6
172.64.31.0,14
104.18.15.0,43
204.79.197.0,30
72.42.121.0,24
104.31.239.0,40
104.26.1.0,40
192.31.196.0,5
104.16.119.0,43
8.20.247.0,6
23.40.100.0,5
104.17.90.0,44
199.19.3.0,12
104.17.219.0,43
104.29.13.0,39
104.20.73.0,43
185.83.100.0,7
185.83.102.0,7
104.24.104.0,42
35.186.214.0,25
192.54.112.0,6
104.19.91.0,44
194.0.2.0,20
104.25.211.0,39
208.185.195.0,4
104.27.38.0,39
151.101.130.0,18
104.19.16.0,42
35.190.51.0,27
185.28.194.0,10
172.64.167.0,42
165.156.17.0,12
107.178.251.0,28
104.18.3.0,40
104.16.220.0,44
212.18.248.0,9
151.139.240.0,16
185.103.203.0,5
104.25.191.0,40
104.19.22.0,45
104.24.114.0,40
65.22.230.0,5
104.20.167.0,46
104.25.195.0,42
192.225.208.0,6
156.154.178.0,7
104.19.4.0,44
104.17.83.0,44
104.24.33.0,43
104.24.51.0,43
80.91.56.0,4
104.25.90.0,40
104.30.4.0,39
104.31.214.0,40
64.41.114.0,3
65.22.98.0,5
68.94.156.0,3
91.151.23.0,6
104.16.106.0,44
167.89.53.0,3
216.69.185.0,10
104.24.95.0,43
207.223.166.0,10
104.17.167.0,42
104.28.154.0,42
156.154.206.0,6
104.28.193.0,42
104.31.141.0,40
162.159.230.0,43
203.194.94.0,4
208.67.236.0,3
190.93.245.0,49
157.52.64.0,19
35.190.82.0,25
104.16.91.0,44
199.249.116.0,16
104.20.252.0,45
65.22.87.0,22
191.96.129.0,5
104.24.100.0,40
172.64.197.0,40
104.16.181.0,44
172.64.21.0,16
104.19.83.0,43
104.27.194.0,40
64.253.158.0,4
172.64.130.0,42
172.64.45.0,13
185.104.209.0,10
104.17.252.0,43
104.20.132.0,43
104.28.77.0,44
65.22.1.0,3
104.24.42.0,43
192.230.88.0,7
104.24.68.0,44
104.24.251.0,43
104.27.134.0,40
35.190.3.0,24
172.64.53.0,37
104.25.98.0,47
104.29.33.0,37
104.26.7.0,39
66.255.85.0,3
104.19.40.0,43
151.101.178.0,13
104.17.206.0,44
35.190.76.0,28
104.25.30.0,43
68.180.131.0,10
104.26.14.0,38
104.24.28.0,40
172.64.134.0,44
199.182.16.0,3
104.31.195.0,40
66.253.214.0,3
104.27.66.0,40
204.74.109.0,13
103.61.63.0,3
69.168.231.0,7
104.25.96.0,45
72.21.91.0,9
104.27.7.0,45
207.34.6.0,26
192.5.5.0,40
104.16.43.0,42
69.168.228.0,10
104.237.191.0,4
104.18.45.0,38
200.238.210.0,2
104.24.119.0,42
104.17.147.0,43
104.20.237.0,46
104.17.34.0,40
65.22.148.0,4
156.154.140.0,15
104.28.190.0,40
162.159.23.0,47
104.25.54.0,43
104.16.94.0,42
104.31.190.0,39
216.21.12.0,5
104.24.144.0,42
104.25.26.0,40
194.0.4.0,4
104.17.43.0,43
194.0.27.0,37
130.211.17.0,27
104.24.140.0,40
104.104.58.0,16
104.16.32.0,42
104.17.229.0,44
104.27.17.0,42
104.17.24.0,44
173.194.236.0,10
45.54.38.0,5
208.111.184.0,20
199.254.28.0,3
104.27.158.0,42
209.200.133.0,7
93.93.51.0,3
104.16.116.0,43
107.154.136.0,3
35.190.67.0,24
107.162.141.0,7
104.20.64.0,42
104.30.14.0,37
35.186.233.0,27
168.245.26.0,3
35.190.43.0,25
172.64.174.0,42
104.27.74.0,42
35.186.250.0,30
151.101.204.0,13
104.28.43.0,42
178.255.84.0,5
104.31.82.0,40
104.17.237.0,40
162.88.56.0,9
104.16.95.0,44
104.19.94.0,43
104.18.54.0,36
104.16.38.0,40
35.190.83.0,25
93.170.90.0,5
104.25.237.0,40
104.28.126.0,42
193.0.14.0,20
163.10.8.0,2
216.146.46.0,4
91.198.24.0,2
104.17.186.0,42
104.20.9.0,44
104.17.183.0,40
104.31.139.0,40
173.194.234.0,10
107.154.145.0,4
104.17.240.0,43
72.0.58.0,24
185.80.190.0,3
65.22.188.0,4
104.20.66.0,43
104.16.196.0,44
153.92.2.0,3
35.190.57.0,28
107.154.141.0,5
168.245.57.0,3
104.27.161.0,42
104.28.6.0,42
104.17.209.0,43
199.115.153.0,4
35.190.122.0,25
107.154.165.0,4
125.208.33.0,3
198.41.215.0,48
107.154.139.0,8
162.159.216.0,38
104.31.224.0,40
104.22.5.0,43
206.51.255.0,30
104.28.249.0,43
104.17.48.0,42
104.20.46.0,43
35.190.53.0,30
104.19.20.0,45
104.31.197.0,40
189.201.244.0,36
150.164.13.0,2
104.24.198.0,40
93.184.221.0,7
35.190.86.0,28
104.23.204.0,43
104.16.200.0,44
150.164.11.0,2
104.24.186.0,42
104.27.204.0,42
162.88.60.0,13
65.22.204.0,4
104.28.145.0,44
45.54.54.0,7
104.24.85.0,40
104.17.95.0,43
104.29.76.0,39
35.186.235.0,29
35.190.50.0,27
104.17.230.0,45
192.82.135.0,5
65.22.2.0,3
172.85.95.0,6
104.255.198.0,2
104.28.34.0,42
185.40.155.0,7
104.27.49.0,40
35.186.228.0,27
104.27.89.0,45
104.17.42.0,40
104.16.158.0,45
72.21.92.0,9
167.89.27.0,3
104.27.69.0,42
104.17.196.0,43
167.89.71.0,3
198.181.117.0,17
35.190.115.0,26
104.19.67.0,43
104.24.94.0,44
104.16.163.0,44
104.17.46.0,40
104.16.15.0,44
104.31.210.0,40
104.24.19.0,43
104.26.10.0,38
13.107.9.0,13
104.20.198.0,40
151.101.159.0,13
35.186.245.0,29
185.21.169.0,7
65.111.80.0,4
107.154.77.0,6
104.22.2.0,40
104.24.65.0,42
104.25.52.0,44
104.17.38.0,42
104.27.240.0,42
167.89.15.0,3
130.211.29.0,28
104.27.24.0,43
162.159.227.0,43
205.185.208.0,10
104.29.47.0,37
104.24.158.0,40
104.16.52.0,42
35.186.247.0,26
65.22.218.0,4
104.16.0.0,45
107.154.143.0,4
198.135.249.0,5
35.186.244.0,29
172.64.3.0,16
35.186.230.0,29
104.19.81.0,43
104.28.197.0,42
168.96.0.0,2
151.101.249.0,13
104.19.207.0,43
172.64.136.0,42
104.20.144.0,45
104.28.184.0,40
104.16.186.0,44
74.116.176.0,8
104.19.33.0,44
171.4.128.0,4
65.22.207.0,23
104.16.117.0,44
35.190.66.0,25
172.64.54.0,37
69.16.174.0,17
104.17.78.0,44
104.28.192.0,42
104.20.50.0,43
104.16.26.0,42
104.20.59.0,44
167.89.82.0,3
35.190.2.0,26
104.19.37.0,45
17.8.8.0,10
104.28.45.0,43
192.254.125.0,3
91.198.66.0,3
104.17.190.0,43
151.101.103.0,9
185.119.138.0,4
35.190.105.0,26
65.22.220.0,4
200.124.183.0,2
64.96.245.0,5
130.211.8.0,29
180.183.0.0,2
104.25.197.0,40
104.17.188.0,43
104.27.50.0,40
130.211.12.0,27
104.17.117.0,44
104.16.134.0,44
104.17.99.0,45
107.178.240.0,27
104.24.102.0,40
65.22.217.0,4
104.19.48.0,44
104.19.115.0,44
35.190.20.0,28
104.16.143.0,44
66.235.118.0,4
104.28.162.0,43
104.20.19.0,44
104.18.57.0,38
103.73.125.0,6
104.27.44.0,42
216.108.239.0,5
104.20.197.0,43
195.206.121.0,3
156.154.104.0,10
104.16.85.0,43
104.27.51.0,42
104.244.43.0,16
104.30.15.0,39
104.20.169.0,48
27.124.125.0,3
182.254.118.0,5
66.109.229.0,3
104.17.136.0,45
104.29.68.0,37
104.22.6.0,43
104.24.130.0,43
65.22.79.0,22
200.144.184.0,2
104.25.148.0,40
5.45.205.0,9
150.164.230.0,2
104.29.45.0,37
104.19.78.0,43
104.23.101.0,46
104.19.86.0,43
192.26.92.0,8
74.82.42.0,16
104.28.100.0,39
104.17.202.0,42
192.229.232.0,9
173.194.109.0,10
104.24.28.0,39
104.17.122.0,44
108.229.1.0,5
104.29.38.0,38
104.17.33.0,42
209.197.2.0,18
104.17.204.0,43
65.22.60.0,4
104.153.199.0,5
104.27.55.0,40
151.101.222.0,13
194.0.40.0,6
64.96.244.0,6
65.22.121.0,4
104.31.176.0,39
199.66.206.0,5
172.64.110.0,42
104.18.4.0,44
104.30.6.0,37
104.28.149.0,43
172.64.160.0,42
89.167.255.0,4
35.190.12.0,28
104.20.105.0,43
104.27.14.0,42
104.19.14.0,43
104.31.240.0,40
104.29.0.0,38
65.22.34.0,5
104.29.31.0,38
172.64.7.0,16
104.17.49.0,44
192.229.252.0,9
104.25.141.0,40
35.186.199.0,29
151.101.0.0,19
173.194.232.0,10
104.23.203.0,44
104.16.176.0,46
146.112.255.0,2
35.190.88.0,27
194.58.198.0,13
23.77.195.0,9
35.186.228.0,26
104.16.72.0,44
151.101.189.0,12
104.17.173.0,42
104.19.196.0,43
104.25.142.0,43
150.164.74.0,2
35.186.234.0,28
65.22.113.0,4
172.64.168.0,40
104.20.27.0,46
104.31.87.0,42
104.16.8.0,44
199.253.182.0,4
107.154.160.0,5
185.92.74.0,6
35.186.240.0,26
104.17.119.0,42
35.186.224.0,26
159.182.14.0,4
23.91.22.0,2
104.17.55.0,44
199.19.5.0,8
104.27.53.0,43
104.24.124.0,42
192.161.0.0,5
168.245.25.0,3
35.190.20.0,25
207.223.167.0,10
64.185.176.0,7
104.31.66.0,42
104.31.90.0,40
65.22.193.0,4
192.30.29.0,5
104.30.2.0,37
104.19.72.0,43
13.107.55.0,14
104.20.75.0,44
104.17.189.0,42
104.16.217.0,45
104.16.223.0,43
192.0.76.0,16
45.54.42.0,2
199.254.62.0,6
104.17.82.0,45
104.16.159.0,44
104.17.94.0,42
152.195.54.0,9
205.251.192.0,8
104.20.108.0,45
157.92.82.0,2
104.25.134.0,43
64.94.158.0,3
69.9.191.0,3
104.29.4.0,37
172.64.40.0,12
104.28.205.0,40
191.101.245.0,6
208.67.220.0,15
104.20.29.0,45
104.17.218.0,44
35.186.212.0,26
46.255.120.0,6
104.19.197.0,40
104.17.159.0,43
209.112.114.0,5
104.25.8.0,44
172.64.141.0,42
104.19.19.0,43
104.16.88.0,40
165.156.16.0,10
162.219.54.0,5
72.8.186.0,3
172.64.51.0,38
35.190.110.0,27
65.22.190.0,5
35.190.36.0,27
104.28.71.0,44
192.254.116.0,3
104.17.12.0,44
35.190.79.0,26
104.31.18.0,45
35.190.112.0,26
65.39.152.0,4
192.43.172.0,7
104.16.125.0,43
216.87.152.0,5
104.16.33.0,40
69.20.95.0,3
107.154.152.0,3
35.186.205.0,28
151.101.208.0,2
104.28.216.0,40
104.31.115.0,36
104.207.80.0,4
107.178.255.0,29
104.31.173.0,40
104.16.240.0,44
193.84.87.0,6
151.101.101.0,10
104.17.89.0,45
179.191.160.0,6
104.16.131.0,45
162.159.10.0,46
172.64.42.0,12
64.6.65.0,8
104.17.62.0,40
152.195.62.0,10
23.235.32.0,19
205.251.194.0,8
107.154.181.0,5
172.64.193.0,39
104.20.233.0,46
104.22.15.0,43
150.164.236.0,2
212.18.249.0,5
104.20.145.0,44
35.190.46.0,29
104.29.30.0,37
35.190.100.0,27
104.17.79.0,44
204.194.10.0,3
162.159.211.0,44
35.190.91.0,25
192.229.189.0,6
104.17.183.0,42
104.20.173.0,47
104.25.179.0,43
37.209.194.0,10
17.253.207.0,16
104.27.80.0,42
104.26.5.0,40
151.101.157.0,14
35.190.13.0,28
104.30.5.0,40
104.25.9.0,42
104.28.53.0,44
104.28.201.0,42
104.17.177.0,44
199.187.165.0,4
151.101.191.0,13
203.119.28.0,5
162.159.218.0,40
104.27.60.0,44
192.229.246.0,7
65.22.67.0,22
104.28.151.0,43
35.190.86.0,26
23.235.37.0,20
104.27.223.0,42
104.23.137.0,45
104.20.35.0,40
35.190.109.0,27
104.17.66.0,44
104.17.116.0,44
104.25.72.0,43
106.2.158.0,4
104.27.138.0,39
104.24.83.0,40
104.24.169.0,40
65.22.127.0,20
104.20.116.0,44
104.16.137.0,46
104.31.11.0,40
104.20.217.0,44
104.29.46.0,37
203.119.27.0,3
163.10.95.0,2
151.101.163.0,2
173.194.239.0,10
151.101.64.0,19
104.17.185.0,43
104.27.210.0,42
104.168.240.0,4
104.25.162.0,40
114.69.222.0,38
65.22.3.0,6
107.154.147.0,6
172.64.75.0,33
72.42.113.0,23
104.17.100.0,42
46.105.207.0,3
65.22.54.0,5
104.25.149.0,40
198.232.125.0,8
35.190.54.0,27
4.69.255.0,15
104.17.221.0,43
104.28.133.0,40
104.31.153.0,40
104.25.22.0,40
92.122.123.0,4
151.101.235.0,13
104.37.182.0,4
140.205.1.0,6
104.17.77.0,44
104.16.101.0,46
151.101.152.0,13
104.31.112.0,40
151.101.213.0,13
72.52.15.0,7
104.27.27.0,43
104.27.155.0,38
104.28.186.0,42
103.28.249.0,5
104.16.218.0,45
104.28.174.0,42
65.22.66.0,5
104.25.63.0,40
104.24.239.0,45
168.245.37.0,3
141.101.120.0,40
65.22.123.0,24
35.190.37.0,28
185.45.5.0,3
104.24.76.0,40
104.28.99.0,43
104.17.197.0,42
162.159.213.0,39
104.20.208.0,44
104.17.180.0,42
107.178.246.0,29
91.235.140.0,6
156.154.100.0,10
35.186.226.0,26
65.22.94.0,4
104.18.8.0,43
35.190.114.0,26
104.17.33.0,40
156.154.158.0,7
172.64.15.0,16
72.0.62.0,23
104.17.102.0,43
104.22.11.0,42
104.24.90.0,43
74.120.14.0,4
72.14.248.0,10
104.31.212.0,40
104.17.212.0,44
207.223.168.0,10
104.23.126.0,44
156.154.72.0,12
65.22.240.0,4
35.186.201.0,28
104.31.217.0,40
104.24.11.0,42
104.20.218.0,47
150.164.54.0,2
209.137.171.0,2
173.194.230.0,10
104.17.120.0,44
130.211.22.0,28
104.19.202.0,43
130.211.33.0,28
172.64.60.0,37
157.7.33.0,4
65.22.192.0,4
13.107.56.0,8
104.25.14.0,40
23.211.132.0,9
104.17.213.0,42
151.101.111.0,14
104.20.126.0,43
104.19.139.0,39
104.23.199.0,46
104.19.13.0,44
104.31.238.0,40
104.20.165.0,47
192.33.14.0,34
104.27.13.0,40
104.17.126.0,42
104.31.192.0,39
107.162.132.0,7
104.30.12.0,36
35.186.218.0,28
172.64.19.0,16
104.27.126.0,40
104.17.30.0,43
185.130.160.0,4
35.190.82.0,27
35.190.19.0,26
65.22.156.0,4
104.27.23.0,43
209.208.30.0,3
199.202.55.0,3
104.27.104.0,46
104.20.4.0,44
152.195.52.0,6
192.229.255.0,18
104.18.50.0,38
23.111.9.0,8
104.25.244.0,40
173.194.237.0,10
104.20.65.0,42
104.25.57.0,42
108.161.187.0,8
104.17.118.0,43
103.20.95.0,4
104.24.178.0,42
104.25.117.0,42
104.31.158.0,40
13.107.19.0,14
104.23.108.0,45
104.16.66.0,40
204.194.232.0,3
104.27.190.0,40
104.27.40.0,42
35.190.48.0,24
204.19.119.0,34
172.64.22.0,15
199.249.126.0,13
199.4.138.0,4
104.25.192.0,40
104.27.4.0,42
179.191.161.0,6
108.174.13.0,8
104.25.166.0,42
104.17.55.0,42
35.190.20.0,26
35.190.51.0,28
104.16.63.0,43
107.154.177.0,5
104.17.72.0,43
104.17.193.0,42
107.162.130.0,7
104.24.64.0,43
216.146.35.0,10
104.17.103.0,43
159.180.65.0,5
104.28.194.0,40
72.42.112.0,22
192.31.80.0,8
130.211.42.0,27
198.251.86.0,3
107.154.162.0,4
104.31.128.0,42
185.159.196.0,6
207.218.223.0,9
40.90.4.0,14
172.64.71.0,33
35.186.232.0,30
151.101.190.0,14
13.107.48.0,7
167.160.66.0,5
13.107.6.0,16
46.105.202.0,4
162.159.22.0,46
35.190.83.0,27
65.22.216.0,4
52.119.40.0,6
168.245.21.0,3
104.28.103.0,40
104.25.189.0,40
104.24.153.0,40
69.164.52.0,5
104.27.8.0,45
202.158.207.0,4
64.185.182.0,9
173.194.254.0,10
65.22.162.0,4
35.190.96.0,26
13.107.51.0,14
104.17.220.0,43
35.190.71.0,27
104.31.200.0,39
104.17.29.0,43
172.64.50.0,36
96.7.49.0,9
104.24.166.0,40
31.131.254.0,4
47.197.172.0,2
173.194.253.0,10
204.48.34.0,15
104.27.205.0,40
104.19.59.0,43
8.44.80.0,5
151.101.227.0,13
103.28.251.0,4
107.154.148.0,5
150.164.46.0,2
46.105.199.0,4
151.139.242.0,16
173.194.250.0,10
151.101.242.0,15
185.140.175.0,3
104.19.45.0,43
104.28.175.0,42
107.154.134.0,4
192.229.145.0,10
104.17.192.0,43
69.1.70.0,5
104.29.28.0,38
170.251.50.0,3
45.54.36.0,6
104.27.62.0,42
35.190.121.0,26
167.89.105.0,3
125.208.36.0,4
103.247.184.0,7
104.16.173.0,44
65.22.182.0,4
104.20.43.0,43
192.230.111.0,3
199.254.48.0,4
151.101.151.0,2
65.22.212.0,4
35.186.210.0,27
107.154.158.0,6
208.67.238.0,10
104.27.10.0,44
35.190.101.0,29
35.186.227.0,29
104.31.249.0,38
104.24.242.0,43
104.20.88.0,43
104.17.160.0,44
35.190.52.0,26
107.178.248.0,26
199.254.56.0,3
2.22.230.0,10
104.19.137.0,40
141.101.113.0,46
151.101.180.0,12
104.16.178.0,44
107.154.254.0,4
104.31.76.0,40
104.28.94.0,43
104.26.3.0,39
35.190.89.0,26
104.17.240.0,44
23.227.174.0,4
104.19.124.0,45
104.18.38.0,37
104.24.72.0,40
104.19.10.0,46
104.24.117.0,40
103.14.247.0,2
167.89.18.0,3
104.29.12.0,39
104.17.107.0,42
8.34.34.0,5
65.22.65.0,4
35.186.221.0,28
65.22.149.0,4
213.248.217.0,3
172.64.27.0,15
190.114.199.0,2
104.17.114.0,43
104.28.239.0,44
65.22.64.0,4
104.27.26.0,44
199.254.51.0,4
151.139.243.0,17
93.191.169.0,8
104.28.79.0,43
151.101.193.0,20
151.101.3.0,20
152.195.60.0,7
69.169.230.0,2
104.31.145.0,40
104.20.250.0,43
204.152.222.0,9
35.186.219.0,30
35.190.6.0,27
104.17.205.0,44
104.24.18.0,42
104.31.78.0,40
65.22.147.0,20
70.40.13.0,9
70.40.3.0,9
192.220.125.0,3
192.229.231.0,8
13.107.54.0,8
104.24.70.0,42
104.20.30.0,45
65.22.43.0,13
104.20.26.0,45
69.28.203.0,5
35.190.94.0,25
35.190.0.0,27
104.19.68.0,43
104.20.14.0,42
104.25.109.0,40
95.167.167.0,5
216.59.59.0,5
185.86.22.0,2
199.4.144.0,5
104.25.210.0,39
156.154.173.0,10
198.41.223.0,46
104.20.79.0,43
104.22.12.0,43
104.17.19.0,44
72.52.71.0,3
104.27.211.0,44
208.78.70.0,16
172.111.97.0,20
107.154.247.0,6
69.169.236.0,2
104.25.255.0,42
104.28.157.0,42
95.100.173.0,6
104.28.253.0,42
104.16.179.0,42
104.19.18.0,44
104.28.69.0,42
89.45.92.0,2
35.186.242.0,28
156.154.127.0,10
104.31.231.0,40
104.31.75.0,40
199.119.75.0,5
107.154.252.0,4
37.10.63.0,6
104.20.163.0,44
104.25.87.0,42
104.24.232.0,42
204.131.205.0,9
172.64.194.0,39
192.254.122.0,3
65.22.231.0,22
35.186.213.0,30
162.159.12.0,45
199.253.183.0,4
104.31.208.0,40
64.202.97.0,3
104.22.14.0,43
104.24.219.0,43
192.33.31.0,9
104.19.90.0,43
172.64.4.0,16
104.29.40.0,37
104.28.38.0,42
156.154.145.0,16
35.190.93.0,29
104.28.217.0,40
198.208.208.0,3
35.190.54.0,28
104.31.137.0,40
104.25.94.0,44
46.242.149.0,2
104.28.37.0,43
69.90.13.0,5
167.89.74.0,3
172.64.198.0,40
156.154.73.0,6
104.17.75.0,44
107.178.241.0,26
104.20.194.0,42
104.29.15.0,37
163.10.84.0,2
199.19.57.0,6
91.237.67.0,10
72.42.123.0,24
104.20.113.0,44
204.61.217.0,37
104.28.55.0,43
162.159.217.0,38
104.16.252.0,42
104.25.53.0,40
192.230.66.0,3
192.158.247.0,14
104.20.172.0,45
104.28.101.0,40
146.88.138.0,8
104.18.11.0,42
107.154.182.0,5
104.24.49.0,44
192.229.210.0,9
35.190.92.0,26
104.19.49.0,43
104.27.59.0,44
104.17.251.0,43
151.101.211.0,2
208.41.190.0,4
104.20.236.0,46
65.22.246.0,5
35.190.4.0,27
104.31.245.0,40
104.16.161.0,45
198.41.223.0,45
104.25.215.0,39
104.16.70.0,42
104.25.82.0,40
17.7.7.0,10
104.156.81.0,20
151.101.164.0,2
104.17.34.0,42
69.252.81.0,4
104.20.60.0,44
194.0.0.0,4
199.2.252.0,6
104.25.204.0,40
192.0.78.0,17
194.0.1.0,22
104.109.10.0,6
104.17.9.0,44
104.23.143.0,42
172.64.161.0,40
104.17.253.0,44
192.0.42.0,4
104.17.208.0,42
104.28.158.0,40
104.20.157.0,46
68.232.42.0,9
104.25.2.0,40
104.17.172.0,43
192.28.94.0,8
151.101.236.0,12
35.190.119.0,25
13.107.7.0,6
104.31.14.0,40
43.230.48.0,3
103.81.52.0,4
104.19.113.0,45
104.17.225.0,43
35.186.240.0,30
104.25.97.0,44
104.19.56.0,42
104.17.108.0,43
107.154.132.0,5
35.186.211.0,27
152.195.34.0,5
162.88.55.0,8
104.24.55.0,42
151.101.128.0,19
104.20.181.0,45
104.17.125.0,42
104.19.127.0,44
174.128.168.0,4
130.211.19.0,28
151.101.217.0,14
35.186.248.0,27
17.253.201.0,16
104.26.9.0,39
204.16.254.0,2
130.211.4.0,30
167.89.36.0,3
104.17.204.0,42
195.2.0.0,12
104.28.104.0,40
104.17.8.0,43
104.19.107.0,45
104.16.249.0,43
104.27.9.0,45
68.94.157.0,3
104.27.68.0,46
104.17.10.0,43
185.104.211.0,10
65.22.118.0,5
104.25.169.0,40
104.24.236.0,43
104.31.152.0,39
104.25.44.0,40
104.20.80.0,43
65.22.174.0,5
104.17.138.0,43
104.17.140.0,42
200.189.41.0,4
104.31.4.0,40
207.223.170.0,10
104.16.132.0,44
151.101.231.0,13
192.229.222.0,6
13.107.53.0,14
104.22.4.0,42
107.154.76.0,4
150.164.83.0,2
104.19.23.0,45
162.159.229.0,45
65.22.83.0,24
104.28.11.0,42
185.58.215.0,6
104.17.48.0,43
104.23.116.0,46
104.20.242.0,43
35.186.192.0,26
64.96.241.0,4
35.190.104.0,27
151.101.156.0,13
35.190.24.0,29
35.186.247.0,27
204.70.127.0,6
104.19.87.0,42
162.159.2.0,45
104.17.135.0,46
104.20.206.0,44
104.25.105.0,42
173.194.106.0,10
194.0.13.0,4
104.30.0.0,45
104.17.162.0,43
199.191.128.0,5
35.190.102.0,28
35.190.3.0,26
70.40.5.0,9
104.28.50.0,40
104.29.22.0,36
104.19.143.0,37
35.190.47.0,27
150.164.96.0,2
65.22.21.0,4
104.16.58.0,40
104.31.188.0,40
65.22.16.0,4
152.195.13.0,7
205.251.199.0,9
216.200.126.0,3
104.20.38.0,40
104.29.72.0,36
185.38.108.0,9
208.93.16.0,4
65.22.135.0,20
156.154.169.0,14
107.154.176.0,6
104.25.48.0,40
150.164.110.0,2
104.20.209.0,46
130.211.21.0,25
173.194.86.0,10
104.28.122.0,42
65.22.215.0,22
104.31.234.0,42
65.22.44.0,4
107.154.178.0,5
207.34.7.0,26
172.64.170.0,42
91.233.181.0,2
104.31.172.0,39
104.20.91.0,44
151.101.223.0,14
104.20.63.0,40
104.24.159.0,40
162.159.231.0,44
66.11.121.0,3
109.71.161.0,4
104.25.239.0,40
104.17.147.0,44
185.143.233.0,7
104.28.140.0,40
65.22.45.0,4
104.27.208.0,40
151.101.179.0,14
216.87.153.0,6
104.25.212.0,40
199.253.56.0,4
163.10.14.0,2
208.44.130.0,4
104.27.159.0,42
68.180.129.0,13
104.24.126.0,40
104.28.113.0,42
104.17.131.0,43
104.24.10.0,42
65.22.226.0,4
104.20.214.0,45
150.164.135.0,2
104.29.8.0,37
66.114.56.0,20
192.16.35.0,5
104.25.246.0,42
104.17.81.0,45
35.186.198.0,26
104.17.213.0,44
192.229.179.0,7
104.16.124.0,43
104.25.184.0,43
209.1.222.0,4
104.27.202.0,42
104.25.209.0,42
104.31.204.0,38
104.24.30.0,40
104.25.88.0,40
151.101.1.0,18
23.67.52.0,4
104.20.111.0,43
104.17.22.0,44
65.22.7.0,3
35.190.40.0,26
106.2.159.0,4
200.215.194.0,4
156.154.157.0,9
104.23.118.0,44
104.17.161.0,44
104.19.101.0,45
104.20.247.0,44
104.31.219.0,40
5.45.196.0,9
104.16.123.0,43
162.159.9.0,46
104.31.69.0,42
64.94.107.0,6
167.89.47.0,3
104.19.141.0,38
172.64.23.0,15
104.28.144.0,42
192.203.230.0,32
198.41.214.0,47
104.18.1.0,43
204.74.111.0,7
104.17.134.0,45
35.190.60.0,26
104.193.183.0,13
200.1.121.0,4
104.29.43.0,36
104.20.102.0,43
104.19.35.0,43
50.10.36.0,2
185.114.32.0,5
104.27.141.0,39
141.101.114.0,48
104.19.125.0,45
104.20.224.0,45
104.31.157.0,40
72.52.10.0,8
212.16.170.0,2
35.186.246.0,28
104.29.75.0,38
104.27.35.0,42
35.190.15.0,26
192.0.77.0,18
193.111.15.0,3
104.16.16.0,45
104.16.18.0,44
104.25.181.0,40
204.69.234.0,14
104.16.211.0,44
35.190.111.0,27
125.208.42.0,2
104.17.98.0,45
198.56.245.0,4
203.119.90.0,3
199.7.66.0,13
162.159.220.0,40
185.151.143.0,2
64.8.220.0,3
151.101.233.0,14
104.17.116.0,45
104.23.104.0,45
35.190.103.0,29
104.27.102.0,44
192.230.86.0,5
35.190.45.0,26
203.119.26.0,3
130.211.26.0,27
208.67.237.0,6
162.159.236.0,45
104.25.116.0,43
35.186.196.0,25
104.28.26.0,40
192.100.59.0,10
104.17.101.0,44
104.16.80.0,43
104.28.96.0,42
173.194.248.0,10
104.31.142.0,40
172.64.142.0,40
192.229.144.0,8
65.22.234.0,5
104.17.37.0,42
151.101.218.0,13
104.31.91.0,40
198.11.141.0,8
201.131.252.0,6
104.20.204.0,45
104.23.242.0,40
65.22.109.0,3
151.101.145.0,13
104.17.181.0,43
45.54.49.0,2
104.20.254.0,43
65.22.164.0,4
92.223.100.0,6
104.24.196.0,42
104.19.99.0,43
35.190.61.0,27
104.27.149.0,39
104.17.174.0,43
65.22.30.0,4
204.93.142.0,3
104.17.198.0,43
104.17.164.0,43
104.17.97.0,45
192.0.43.0,3
65.22.180.0,4
8.26.56.0,6
104.16.10.0,45
35.190.18.0,27
195.253.66.0,6
104.28.198.0,42
120.29.253.0,7
151.101.182.0,13
35.190.34.0,27
104.17.123.0,43
104.28.243.0,40
162.88.43.0,7
46.105.204.0,4
104.254.207.0,4
104.24.191.0,44
104.20.234.0,45
198.37.151.0,2
104.24.162.0,40
104.24.131.0,42
104.28.116.0,40
104.17.42.0,42
104.24.32.0,44
5.57.23.0,6
151.139.241.0,17
104.27.82.0,45
103.245.222.0,10
103.14.246.0,2
104.16.87.0,42
174.35.91.0,20
107.154.180.0,5
104.25.46.0,40
104.28.237.0,42
104.16.205.0,44
64.185.178.0,7
104.31.148.0,42
104.27.106.0,42
104.28.160.0,38
104.28.72.0,43
168.245.18.0,3
104.16.68.0,40
104.25.45.0,42
212.18.251.0,6
104.27.170.0,39
12.64.255.0,5
104.31.198.0,39
216.59.63.0,5
104.28.119.0,40
104.24.203.0,43
104.17.127.0,43
168.245.28.0,3
104.17.255.0,43
104.28.64.0,42
23.45.67.0,3
104.28.225.0,44
104.24.43.0,44
104.16.168.0,44
216.83.236.0,2
104.28.138.0,40
104.17.235.0,43
104.16.67.0,42
164.73.216.0,2
200.108.148.0,35
104.17.79.0,43
172.64.41.0,12
104.28.3.0,40
192.230.87.0,3
104.26.13.0,39
104.27.203.0,40
103.28.248.0,2
104.20.151.0,43
198.21.7.0,3
104.29.26.0,37
107.154.80.0,4
173.194.108.0,10
210.130.1.0,3
162.159.16.0,46
104.17.4.0,44
192.229.251.0,7
199.254.31.0,4
104.23.142.0,42
88.221.81.0,18
35.190.15.0,28
65.22.86.0,5
107.178.252.0,29
209.200.164.0,6
104.27.19.0,43
104.28.118.0,42
104.17.246.0,43
104.20.213.0,44
68.180.130.0,8
104.17.218.0,43
104.28.19.0,40
104.27.90.0,44
130.59.31.0,2
205.251.195.0,9
125.208.34.0,3
65.22.108.0,4
93.188.0.0,2
35.186.235.0,30
104.16.251.0,44
104.31.80.0,39
185.182.61.0,5
72.0.52.0,24
209.200.167.0,5
64.210.142.0,5
199.254.29.0,3
107.154.167.0,5
104.16.154.0,44
217.160.83.0,3
65.22.150.0,4
35.190.62.0,26
162.88.41.0,7
89.255.254.0,5
151.101.154.0,13
65.22.107.0,20
104.24.121.0,39
104.24.58.0,42
151.249.126.0,3
162.88.40.0,8
35.190.17.0,28
65.22.22.0,5
104.20.174.0,44
70.40.0.0,9
104.28.22.0,40
199.249.112.0,16
104.20.123.0,43
104.23.99.0,46
72.0.57.0,25
162.159.14.0,44
104.28.13.0,40
216.18.168.0,4
108.59.165.0,8
172.64.61.0,37
104.16.48.0,42
104.20.28.0,45
192.230.84.0,3
178.255.82.0,5
204.74.66.0,13
5.226.178.0,4
104.20.51.0,44
72.42.125.0,23
99.99.97.0,3
104.19.1.0,42
104.24.96.0,40
77.234.47.0,4
104.25.59.0,42
185.24.67.0,10
162.159.223.0,40
151.101.245.0,14
104.31.181.0,39
104.28.9.0,43
151.101.241.0,12
65.22.172.0,4
185.73.223.0,5
104.27.240.0,40
104.16.60.0,42
156.154.204.0,6
65.22.68.0,4
35.190.49.0,30
104.19.98.0,44
104.20.120.0,44
209.107.211.0,8
104.24.37.0,43
104.27.178.0,42
104.17.43.0,40
151.101.243.0,12
185.81.208.0,12
104.25.222.0,40
107.154.169.0,4
64.94.96.0,8
156.154.179.0,7
104.27.191.0,40
104.17.236.0,40
104.28.241.0,42
199.19.7.0,6
65.22.227.0,22
104.28.110.0,40
104.25.152.0,40
104.27.20.0,43
65.22.206.0,4
178.248.237.0,10
104.28.195.0,40
104.28.242.0,42
104.20.95.0,44
192.254.113.0,3
199.254.50.0,6
152.195.35.0,7
185.181.196.0,4
18.7.40.0,3
72.52.8.0,7
104.16.188.0,45
104.20.118.0,44
104.18.56.0,38
104.26.11.0,37
192.229.163.0,9
104.28.222.0,40
198.37.158.0,3
104.17.113.0,45
104.17.28.0,45
152.195.50.0,7
216.239.60.0,3
185.106.61.0,3
104.17.146.0,43
35.190.65.0,26
104.31.140.0,40
104.28.80.0,42
193.19.225.0,3
35.190.90.0,28
104.23.136.0,43
104.23.96.0,48
104.17.194.0,43
35.190.97.0,26
104.24.128.0,44
104.17.19.0,43
65.22.132.0,4
65.22.237.0,4
104.16.229.0,44
192.230.105.0,7
104.17.53.0,44
104.19.97.0,44
104.20.136.0,42
130.211.41.0,29
104.19.31.0,43
209.200.166.0,5
143.107.149.0,2
104.19.30.0,43
163.47.176.0,5
208.67.222.0,15
151.101.195.0,20
65.22.81.0,3
185.143.234.0,7
104.17.248.0,44
209.107.219.0,9
65.22.213.0,4
65.22.33.0,4
104.25.131.0,43
104.24.222.0,42
104.31.162.0,39
209.137.160.0,2
35.190.90.0,25
199.7.67.0,12
64.185.174.0,7
45.54.48.0,5
150.164.241.0,2
104.16.138.0,44
13.107.64.0,17
185.143.235.0,6
104.16.39.0,40
104.25.245.0,42
192.16.48.0,6
104.20.253.0,43
35.190.12.0,27
95.100.168.0,6
192.16.16.0,17
104.19.126.0,45
64.68.192.0,37
65.22.209.0,4
151.101.203.0,14
104.17.145.0,43
207.181.89.0,4
35.190.35.0,29
104.28.15.0,40
184.26.161.0,4
104.27.5.0,43
104.31.114.0,43
104.17.121.0,43
164.73.86.0,2
35.190.104.0,28
104.20.193.0,44
104.27.54.0,44
104.25.12.0,40
104.17.85.0,43
104.27.105.0,44
207.223.165.0,10
104.17.76.0,42
104.28.78.0,42
66.254.126.0,6
86.111.216.0,9
172.64.35.0,12
67.15.193.0,9
192.36.148.0,26
65.22.112.0,4
208.122.22.0,3
104.25.24.0,39
104.17.50.0,45
173.194.224.0,10
104.24.132.0,43
67.228.252.0,13
162.159.5.0,45
104.27.148.0,40
207.248.68.0,7
209.131.99.0,16
104.17.231.0,40
104.17.214.0,43
194.246.96.0,5
98.158.110.0,10
104.17.238.0,40
104.25.113.0,40
65.22.26.0,5
104.24.135.0,43
104.24.206.0,40
104.24.78.0,44
104.27.160.0,40
45.64.65.0,3
151.101.224.0,12
104.27.14.0,40
104.25.241.0,42
104.19.117.0,45
104.24.179.0,42
167.89.104.0,3
65.22.51.0,22
104.109.10.0,7
151.249.125.0,3
217.146.18.0,15
104.28.115.0,45
23.211.133.0,6
172.64.57.0,38
199.182.17.0,5
104.17.14.0,43
104.28.148.0,40
209.200.155.0,7
107.178.253.0,28
104.19.119.0,43
89.255.223.0,3
182.254.116.0,4
104.31.20.0,47
156.154.73.0,8
216.87.149.0,9
104.24.92.0,42
172.64.76.0,34
107.154.194.0,6
104.27.171.0,39
104.28.143.0,43
199.167.66.0,6
104.20.107.0,43
104.25.217.0,39
192.174.68.0,10
65.22.88.0,4
156.154.170.0,14
185.90.244.0,2
199.249.120.0,14
104.28.33.0,42
107.154.154.0,4
104.24.21.0,44
104.31.19.0,46
104.30.8.0,38
104.23.109.0,46
104.17.45.0,42
72.0.50.0,24
104.24.170.0,40
65.84.203.0,3
192.225.209.0,5
172.64.137.0,40
104.17.70.0,42
151.101.161.0,2
104.31.206.0,39
104.27.73.0,42
125.208.43.0,4
104.29.1.0,37
104.26.6.0,40
104.16.177.0,46
107.154.193.0,6
104.22.9.0,43
104.20.179.0,44
151.101.183.0,14
104.16.103.0,45
146.112.63.0,3
104.19.5.0,44
23.235.33.0,20
199.253.60.0,4
185.100.0.0,4
104.16.121.0,44
70.40.12.0,9
104.17.146.0,45
104.28.152.0,40
104.31.3.0,40
104.20.93.0,43
185.106.232.0,3
172.64.101.0,43
104.20.251.0,45
104.16.120.0,44
35.186.243.0,27
199.180.180.0,4
151.101.198.0,12
130.211.35.0,26
104.17.195.0,43
144.95.94.0,4
104.20.71.0,42
168.245.42.0,3
64.96.1.0,4
104.27.241.0,26
104.27.124.0,39
192.230.102.0,2
65.22.101.0,4
104.23.206.0,45
104.16.30.0,43
104.17.71.0,44
104.28.244.0,40
104.17.215.0,45
104.24.183.0,43
190.93.246.0,46
104.29.2.0,36
167.89.28.0,3
199.115.155.0,6
104.24.211.0,43
104.28.23.0,40
185.159.198.0,4
104.17.157.0,43
104.27.198.0,40
104.17.114.0,42
151.101.234.0,13
35.186.241.0,28
104.28.181.0,40
104.25.174.0,40
104.20.129.0,42
162.159.237.0,45
167.89.83.0,3
104.20.101.0,44
65.22.140.0,4
172.64.32.0,12
65.22.31.0,24
165.156.21.0,7
65.22.23.0,20
104.25.231.0,42
35.186.210.0,28
104.28.248.0,40
104.29.18.0,38
192.0.72.0,17
104.29.78.0,37
109.163.224.0,8
1.8.243.0,3
168.245.41.0,3
72.42.114.0,22
104.19.69.0,42
35.190.124.0,30
167.89.6.0,3
104.17.102.0,42
104.17.1.0,45
45.125.167.0,4
104.31.166.0,39
163.10.120.0,2
104.20.154.0,45
185.19.151.0,4
167.89.65.0,3
35.186.209.0,26
93.184.220.0,6
162.88.54.0,8
104.25.100.0,42
162.253.208.0,7
104.17.7.0,44
104.25.114.0,40
104.37.176.0,7
216.169.160.0,3
35.190.22.0,29
93.191.168.0,6
104.31.247.0,38
151.101.230.0,14
104.16.225.0,45
104.20.99.0,46
104.16.3.0,43
104.19.120.0,46
65.22.202.0,4
104.23.128.0,40
104.29.71.0,37
162.88.18.0,13
173.223.232.0,4
35.190.126.0,28
104.19.228.0,39
104.24.77.0,40
162.88.34.0,15
104.19.71.0,42
104.24.63.0,42
204.74.112.0,14
23.61.199.0,7
104.23.140.0,43
104.16.34.0,42
107.154.175.0,3
72.8.132.0,5
104.24.99.0,40
167.89.42.0,3
104.19.28.0,44
104.17.166.0,43
199.254.60.0,3
172.64.128.0,43
104.17.244.0,44
173.194.243.0,10
163.138.226.0,5
141.101.123.0,39
104.19.109.0,46
104.17.7.0,43
104.20.201.0,43
169.239.202.0,13
104.17.168.0,43
104.17.44.0,42
104.17.223.0,42
65.22.195.0,22
172.64.55.0,38
104.20.185.0,45
185.186.8.0,5
162.159.0.0,47
198.105.255.0,4
192.229.253.0,9
104.16.157.0,43
130.211.14.0,28
104.25.177.0,40
104.31.205.0,39
192.230.69.0,2
174.35.89.0,22
64.185.186.0,6
104.20.200.0,43
104.17.15.0,44
35.190.11.0,27
104.31.29.0,46
168.245.9.0,3
173.194.242.0,10
192.20.14.0,3
151.101.205.0,13
151.101.252.0,14
104.25.123.0,40
104.20.225.0,46
104.25.62.0,40
104.24.50.0,43
162.159.1.0,47
104.27.207.0,40
104.24.122.0,42
104.20.39.0,43
35.190.45.0,25
107.154.79.0,5
192.229.250.0,6
104.17.99.0,43
104.16.24.0,43
199.19.0.0,7
104.24.35.0,43
35.190.69.0,27
104.25.99.0,43
208.69.39.0,15
67.228.254.0,12
143.107.165.0,2
104.19.204.0,43
94.31.29.0,9
104.25.234.0,42
35.190.98.0,25
72.42.122.0,25
118.33.187.0,2
104.25.25.0,39
104.16.92.0,43
104.31.149.0,40
103.61.62.0,3
68.232.191.0,8
104.31.218.0,37
35.186.222.0,29
162.159.226.0,42
104.25.143.0,43
64.80.203.0,3
35.190.72.0,29
104.27.186.0,40
205.234.175.0,14
104.27.94.0,44
65.22.4.0,15
104.25.33.0,40
69.169.225.0,2
199.7.87.0,4
104.28.234.0,40
1.8.153.0,4
151.139.245.0,16
200.16.112.0,5
192.229.249.0,8
152.195.17.0,6
104.25.238.0,40
107.154.200.0,4
65.22.63.0,22
172.64.163.0,40
192.230.114.0,5
203.124.190.0,4
162.159.7.0,45
104.24.41.0,45
50.31.242.0,8
65.22.120.0,4
104.17.105.0,45
192.229.237.0,6
104.17.120.0,42
174.35.34.0,20
104.17.88.0,45
104.19.82.0,43
104.27.201.0,40
104.28.60.0,42
104.27.1.0,44
104.17.94.0,44
199.192.74.0,2
104.25.36.0,39
104.31.253.0,39
104.31.23.0,45
104.24.20.0,42
104.16.190.0,43
172.64.8.0,16
104.29.37.0,36
35.190.44.0,27
104.25.158.0,42
35.190.115.0,28
68.232.45.0,9
198.41.1.0,6
104.25.216.0,40
104.27.33.0,40
35.190.44.0,26
104.28.211.0,40
104.30.13.0,37
152.195.55.0,9
199.254.55.0,4
104.17.65.0,42
104.27.64.0,44
207.223.173.0,10
200.219.159.0,5
199.96.60.0,3
88.208.9.0,4
104.28.35.0,42
156.154.159.0,10
200.144.246.0,2
5.226.177.0,4
192.228.79.0,6
72.52.11.0,7
104.24.93.0,43
35.186.206.0,28
104.28.200.0,40
104.20.54.0,43
103.247.185.0,7
65.22.36.0,4
104.31.2.0,40
193.187.71.0,4
35.190.75.0,26
192.0.79.0,18
125.208.45.0,2
104.18.62.0,36
104.23.123.0,46
65.22.179.0,22
104.20.81.0,43
104.244.45.0,3
104.24.53.0,42
35.190.95.0,25
151.101.216.0,14
104.19.53.0,42
152.195.38.0,7
104.19.29.0,43
205.185.216.0,12
192.229.248.0,9
104.25.178.0,43
104.28.24.0,40
104.22.13.0,42
167.89.59.0,3
104.24.149.0,40
104.24.66.0,44
104.20.25.0,45
104.29.10.0,39
104.31.186.0,40
35.190.73.0,27
35.190.47.0,25
104.109.11.0,7
104.17.178.0,43
192.16.34.0,5
104.27.61.0,43
170.210.220.0,2
23.235.36.0,19
104.31.225.0,42
104.27.179.0,40
104.16.147.0,44
104.29.44.0,39
95.47.139.0,3
104.17.113.0,43
104.16.135.0,44
104.24.105.0,42
168.245.61.0,3
104.17.2.0,42
173.194.252.0,10
104.31.131.0,40
104.24.172.0,40
104.31.236.0,40
125.208.38.0,2
35.186.243.0,28
104.20.134.0,42
213.248.219.0,3
216.239.34.0,7
104.16.19.0,44
104.31.24.0,46
203.119.29.0,6
104.31.235.0,39
104.17.69.0,44
104.25.223.0,40
35.186.244.0,27
45.54.32.0,13
183.89.128.0,2
35.190.29.0,26
151.101.226.0,14
104.17.242.0,44
104.207.93.0,4
104.24.148.0,40
107.154.81.0,7
104.20.32.0,42
72.14.192.0,9
84.16.5.0,3
35.190.50.0,26
104.20.158.0,44
156.154.105.0,7
104.24.91.0,43
198.56.244.0,3
152.195.57.0,8
65.22.189.0,3
104.18.2.0,42
104.25.224.0,43
104.244.42.0,10
104.20.86.0,44
35.186.255.0,29
104.28.160.0,40
104.31.10.0,40
72.42.127.0,22
104.24.184.0,42
168.245.2.0,3
104.17.228.0,45
65.22.241.0,4
46.105.201.0,4
216.87.151.0,8
104.24.74.0,40
104.24.210.0,42
172.64.169.0,40
104.28.120.0,40
104.17.69.0,43
173.194.81.0,10
65.22.71.0,23
202.12.27.0,4
104.27.32.0,40
198.252.97.0,4
104.25.41.0,40
151.101.181.0,14
104.16.64.0,42
104.16.139.0,45
185.120.23.0,10
198.241.11.0,8
67.222.171.0,3
104.29.70.0,36
103.44.108.0,2
192.188.176.0,9
74.116.178.0,8
104.20.137.0,43
72.52.6.0,8
35.190.28.0,25
172.64.100.0,43
162.159.219.0,40
104.19.121.0,44
192.5.4.0,4
192.230.100.0,2
107.178.250.0,30
65.85.181.0,3
104.20.248.0,44
198.41.220.0,43
104.16.197.0,44
8.35.35.0,5
104.16.216.0,44
13.107.14.0,2
66.150.48.0,3
104.25.47.0,42
104.28.52.0,40
104.18.9.0,40
104.17.56.0,42
68.232.190.0,3
159.117.207.0,7
104.28.191.0,42
35.186.249.0,27
104.31.243.0,40
104.19.123.0,44
107.154.133.0,6
104.28.255.0,40
104.19.41.0,44
8.254.14.0,6
35.186.196.0,28
104.25.243.0,38
199.167.65.0,6
104.23.121.0,47
204.152.223.0,9
167.89.72.0,3
104.20.58.0,43
104.25.203.0,40
104.28.142.0,40
104.16.45.0,42
104.102.245.0,4
69.9.160.0,3
104.23.124.0,46
104.27.112.0,40
104.24.0.0,38
199.249.113.0,16
104.22.7.0,43
104.28.30.0,40
104.17.252.0,44
104.19.44.0,44
198.181.116.0,18
65.22.187.0,24
35.190.87.0,27
65.22.203.0,20
209.131.100.0,5
167.89.12.0,3
104.24.238.0,42
104.28.173.0,42
30.30.30.0,5
104.24.136.0,40
104.17.52.0,43
104.17.64.0,43
35.190.100.0,28
104.24.218.0,40
104.24.163.0,40
146.112.60.0,15
104.25.119.0,40
72.29.125.0,4
104.27.192.0,42
107.154.208.0,5
104.31.182.0,40
192.42.173.0,5
104.19.142.0,39
151.101.139.0,2
104.24.125.0,42
151.101.67.0,20
104.24.182.0,44
65.22.175.0,23
104.17.74.0,43
104.24.255.0,43
104.19.133.0,39
172.64.99.0,43
104.31.147.0,40
107.154.128.0,3
104.29.16.0,39
104.31.250.0,40
35.190.29.0,27
104.28.219.0,42
104.23.202.0,45
104.24.164.0,42
104.16.171.0,45
104.24.248.0,45
162.249.44.0,4
65.22.78.0,4
104.17.80.0,44
130.211.36.0,28
104.19.2.0,43
35.186.214.0,29
104.107.211.0,8
104.24.111.0,40
104.27.216.0,43
104.24.147.0,40
151.101.144.0,13
104.24.2.0,42
200.229.248.0,2
192.230.79.0,4
120.29.252.0,6
167.89.81.0,3
173.194.235.0,9
85.190.254.0,3
104.18.63.0,38
164.73.250.0,2
104.25.50.0,40
104.25.153.0,40
104.17.16.0,44
104.27.93.0,44
104.24.214.0,40
170.210.163.0,2
104.28.139.0,40
104.28.223.0,40
104.25.132.0,42
104.20.121.0,43
35.190.22.0,28
104.27.57.0,44
172.64.37.0,12
104.27.133.0,39
70.40.6.0,9
107.178.244.0,26
198.37.154.0,3
104.17.118.0,44
152.195.51.0,5
104.27.75.0,43
107.178.242.0,26
151.101.255.0,13
162.159.31.0,46
35.186.219.0,27
87.250.247.0,9
65.22.18.0,4
104.28.8.0,43
192.42.175.0,5
104.20.191.0,43
151.101.2.0,19
199.19.6.0,7
104.16.46.0,42
93.171.226.0,3
104.20.135.0,42
104.24.16.0,38
151.101.192.0,20
110.76.21.0,9
104.28.2.0,40
172.64.16.0,15
156.154.207.0,6
104.27.195.0,42
35.186.202.0,30
104.20.112.0,43
107.154.156.0,6
104.28.187.0,40
104.27.220.0,43
104.17.203.0,44
193.127.231.0,4
69.197.41.0,5
66.117.23.0,6
209.131.98.0,4
104.17.154.0,43
104.20.45.0,40
104.31.16.0,45
1.8.242.0,3
159.180.64.0,8
108.174.9.0,4
104.17.233.0,40
104.25.227.0,40
104.24.137.0,42
104.27.117.0,40
150.164.137.0,2
65.22.50.0,5
104.24.13.0,40
104.31.150.0,42
104.24.98.0,40
35.190.126.0,25
150.164.132.0,2
208.85.43.0,5
179.61.251.0,2
104.31.5.0,40
156.154.103.0,10
172.111.64.0,20
46.231.121.0,5
104.28.102.0,42
104.24.223.0,44
104.30.9.0,37
104.18.43.0,37
104.17.15.0,45
2.16.130.0,4
104.20.47.0,42
104.24.3.0,43
167.89.68.0,3
104.19.74.0,43
66.235.126.0,4
213.248.216.0,3
104.22.10.0,42
130.211.7.0,28
167.89.102.0,3
104.27.113.0,42
185.51.228.0,2
157.52.65.0,20
104.28.65.0,44
104.17.14.0,42
174.35.55.0,20
104.27.58.0,42
185.189.57.0,2
47.197.190.0,2
199.249.115.0,15
104.20.42.0,42
150.164.195.0,2
168.245.30.0,3
150.70.31.0,3
35.186.253.0,26
104.17.149.0,44
198.232.127.0,9
104.23.194.0,46
72.14.247.0,10
104.27.120.0,40
104.16.11.0,44
104.30.1.0,36
104.16.246.0,42
104.29.39.0,37
192.42.174.0,4
65.22.0.0,4
104.31.216.0,40
104.24.106.0,40
104.17.163.0,43
104.20.117.0,45
13.107.21.0,30
173.194.240.0,10
45.54.44.0,7
104.16.145.0,43
172.64.0.0,16
173.194.83.0,10
147.75.207.0,6
104.19.89.0,43
104.17.171.0,42
104.24.67.0,43
104.27.182.0,40
107.154.70.0,4
104.19.195.0,42
107.154.199.0,4
152.195.14.0,8
103.209.182.0,3
104.25.175.0,42
8.9.17.0,3
104.19.112.0,46
151.101.147.0,14
35.186.213.0,27
37.209.198.0,10
64.185.181.0,16
104.25.111.0,44
104.31.201.0,39
104.28.221.0,44
199.166.0.0,5
151.101.239.0,13
35.190.99.0,28
65.22.9.0,6
35.190.95.0,26
151.101.246.0,14
104.27.16.0,43
104.17.119.0,44
104.19.61.0,44
104.17.131.0,45
157.52.96.0,19
104.20.12.0,42
104.25.23.0,42
65.22.128.0,4
104.18.35.0,38
104.23.198.0,44
199.254.63.0,5
156.154.69.0,12
65.22.247.0,20
104.27.2.0,43
199.187.164.0,4
104.24.22.0,40
104.16.69.0,40
206.51.26.0,6
66.114.57.0,19
151.101.165.0,2
64.47.197.0,7
104.27.221.0,42
172.64.206.0,40
104.24.123.0,42
152.195.51.0,6
104.20.82.0,43
104.28.137.0,43
104.17.195.0,45
104.16.148.0,45
104.25.51.0,39
146.112.61.0,12
104.25.73.0,43
104.24.185.0,44
151.101.247.0,13
130.211.37.0,28
152.195.19.0,8
104.17.123.0,44
104.29.69.0,37
185.22.111.0,4
104.17.237.0,43
152.195.53.0,7
104.27.153.0,40
198.143.63.0,15
104.28.183.0,40
13.107.13.0,13
204.97.212.0,6
104.23.106.0,47
104.20.125.0,43
216.239.32.0,4
104.27.125.0,40
104.28.172.0,42
104.19.136.0,39
104.18.37.0,38
104.28.20.0,40
104.20.190.0,44
35.190.66.0,26
104.19.8.0,42
199.19.2.0,12
104.20.168.0,44
172.111.65.0,20
185.90.174.0,4
104.25.133.0,40
151.101.138.0,2
104.27.185.0,40
104.27.177.0,39
104.20.205.0,43
192.254.126.0,2
67.215.68.0,13
104.17.133.0,43
104.20.31.0,45
104.17.187.0,42
104.19.63.0,43
35.190.31.0,28
207.223.174.0,10
35.190.127.0,27
104.28.161.0,44
104.16.96.0,42
35.186.254.0,26
74.121.127.0,4
152.195.33.0,9
35.190.49.0,25
81.201.89.0,6
104.31.129.0,40
104.31.213.0,39
104.22.3.0,44
107.162.133.0,7
104.19.39.0,42
72.0.56.0,24
172.64.97.0,44
65.22.145.0,4
65.22.20.0,4
104.17.169.0,43
199.73.82.0,10
104.20.131.0,43
198.41.209.0,47
35.190.56.0,29
150.164.238.0,2
104.19.106.0,44
163.47.177.0,6
45.57.8.0,14
104.16.25.0,43
104.23.97.0,46
104.17.205.0,45
68.142.127.0,6
104.25.32.0,42
130.211.46.0,28
104.28.0.0,40
104.28.25.0,42
104.27.30.0,43
173.245.59.0,47
104.28.63.0,45
104.25.126.0,40
104.19.12.0,44
104.17.187.0,44
104.28.28.0,40
104.19.84.0,43
104.16.233.0,42
156.154.124.0,10
104.24.207.0,40
104.17.47.0,42
107.178.249.0,29
104.31.13.0,40
43.230.49.0,3
104.20.245.0,42
75.75.76.0,4
198.41.221.0,44
104.28.88.0,40
35.190.97.0,28
104.17.51.0,43
104.17.32.0,43
104.31.252.0,40
35.190.108.0,25
199.43.135.0,4
65.22.136.0,4
199.182.40.0,14
104.23.119.0,45
190.114.195.0,2
35.186.194.0,27
35.190.106.0,30
93.184.216.0,9
104.16.6.0,43
108.174.10.0,4
104.20.210.0,46
162.159.238.0,44
104.16.55.0,40
104.20.97.0,46
208.84.2.0,6
104.17.134.0,44
104.25.104.0,42
104.19.51.0,44
104.24.80.0,42
35.186.236.0,28
13.107.12.0,13
104.28.238.0,42
95.100.174.0,7
65.22.244.0,4
104.31.22.0,46
104.17.136.0,44
192.0.73.0,18
35.190.32.0,28
84.53.139.0,6
104.24.155.0,40
198.51.233.0,7
35.190.105.0,27
185.104.210.0,10
168.245.27.0,3
104.17.170.0,42
104.23.141.0,43
198.133.199.0,7
104.156.80.0,18
130.211.23.0,29
104.28.107.0,44
104.17.194.0,42
104.22.0.0,42
94.46.145.0,2
162.219.50.0,3
104.28.235.0,40
107.154.171.0,3
168.245.54.0,3
104.28.123.0,44
35.190.84.0,28
151.101.225.0,14
104.16.248.0,43
64.185.184.0,7
104.17.155.0,43
203.124.191.0,2
104.17.87.0,46
35.190.63.0,29
104.19.11.0,45
65.22.48.0,4
35.186.208.0,26
151.101.220.0,13
46.105.203.0,4
162.159.21.0,47
65.22.146.0,5
104.16.61.0,42
104.16.12.0,44
150.164.35.0,2
209.244.0.0,4
104.24.75.0,42
104.16.42.0,43
149.112.112.0,15
104.31.86.0,40
104.16.221.0,43
104.17.170.0,43
143.107.103.0,2
185.151.142.0,2
108.59.161.0,7
35.186.204.0,28
180.76.76.0,3
64.205.126.0,4
35.190.122.0,29
104.24.157.0,40
35.190.109.0,28
104.24.46.0,42
104.28.218.0,42
104.27.197.0,43
104.28.153.0,43
104.24.202.0,40
35.186.222.0,28
35.186.215.0,27
72.0.48.0,25
35.190.16.0,28
167.89.127.0,3
104.19.198.0,42
212.58.151.0,7
192.16.63.0,8
104.19.88.0,44
151.101.194.0,20
172.64.29.0,15
45.54.47.0,4
217.160.81.0,3
104.19.118.0,45
104.24.57.0,43
68.105.28.0,4
130.211.24.0,26
130.211.43.0,28
65.22.19.0,20
104.27.162.0,40
204.225.142.0,5
65.22.211.0,24
104.17.182.0,43
104.24.243.0,44
104.28.230.0,40
104.20.78.0,42
151.101.212.0,14
104.25.3.0,42
104.27.151.0,39
104.16.155.0,45
13.107.44.0,3
104.20.56.0,43
181.41.223.0,3
194.0.24.0,4
74.85.141.0,5
104.18.34.0,37
199.254.52.0,4
13.107.24.0,10
104.17.225.0,42
65.22.100.0,4
199.83.133.0,3
199.249.117.0,16
35.190.93.0,26
104.152.119.0,6
207.223.171.0,10
104.17.29.0,44
172.64.52.0,36
199.204.26.0,7
104.25.64.0,44
23.111.10.0,8
104.23.135.0,42
65.22.223.0,22
65.22.138.0,5
104.20.249.0,43
172.64.48.0,36
35.190.76.0,26
198.182.167.0,35
35.186.193.0,27
172.64.132.0,44
104.31.203.0,40
104.20.241.0,44
104.27.140.0,38
35.190.74.0,26
185.109.143.0,5
198.51.45.0,15
104.24.84.0,44
107.162.143.0,6
104.17.217.0,42
104.25.18.0,39
104.24.180.0,42
104.28.129.0,44
104.19.40.0,45
104.17.234.0,43
198.143.61.0,15
107.154.192.0,5
104.16.156.0,44
65.22.8.0,3
156.154.174.0,7
199.188.223.0,4
104.17.135.0,43
104.17.216.0,44
194.0.17.0,39
104.20.189.0,42
64.86.237.0,7
104.31.241.0,40
65.22.154.0,5
109.205.14.0,5
104.25.214.0,40
104.24.176.0,43
35.186.238.0,29
65.22.198.0,2
104.17.216.0,46
103.247.37.0,6
104.28.66.0,44
104.18.36.0,38
104.244.46.0,17
104.27.36.0,42
104.17.27.0,43
98.143.88.0,4
35.190.113.0,28
104.16.185.0,43
35.190.33.0,26
35.190.6.0,26
35.186.225.0,28
104.20.243.0,45
104.25.34.0,44
104.16.128.0,44
104.31.134.0,42
35.186.234.0,27
104.27.131.0,40
104.17.242.0,43
128.0.0.0,2
198.37.145.0,3
104.29.34.0,37
104.17.66.0,43
104.17.137.0,44
104.17.87.0,44
104.27.167.0,37
104.28.247.0,42
104.19.132.0,39
167.89.88.0,3
172.64.165.0,40
168.245.56.0,3
104.17.168.0,42
104.25.185.0,42
35.190.43.0,26
204.74.101.0,6
35.190.5.0,29
152.195.55.0,8
104.24.5.0,40
104.25.4.0,40
45.54.40.0,6
104.19.0.0,43
172.64.17.0,16
104.23.129.0,42
104.20.142.0,44
156.154.171.0,14
104.17.191.0,44
162.88.44.0,8
185.103.34.0,2
104.24.244.0,42
104.31.12.0,40
35.186.246.0,29
192.82.136.0,3
35.190.1.0,28
178.248.232.0,10
35.190.80.0,25
104.17.247.0,44
104.28.166.0,42
104.20.3.0,44
216.239.36.0,5
199.249.118.0,16
35.190.10.0,25
104.27.174.0,39
104.16.104.0,45
162.159.222.0,40
35.190.104.0,25
195.226.217.0,4
151.101.168.0,14
130.211.20.0,28
104.16.22.0,44
104.24.245.0,42
150.164.30.0,2
35.186.221.0,27
104.25.81.0,42
81.200.69.0,4
173.194.82.0,10
104.24.14.0,40
192.42.176.0,8
213.248.220.0,3
151.101.169.0,12
67.215.69.0,12
65.22.134.0,4
35.190.9.0,27
104.17.40.0,42
65.22.97.0,4
199.254.57.0,3
151.101.137.0,2
192.229.247.0,6
104.24.9.0,40
41.216.200.0,4
204.74.67.0,12
199.115.156.0,16
99.196.99.0,5
89.188.44.0,2
104.17.67.0,43
104.17.86.0,45
192.190.7.0,7
104.28.229.0,43
192.240.188.0,4
104.17.3.0,44
172.106.22.0,5
104.19.36.0,44
35.190.58.0,26
206.51.254.0,32
156.154.165.0,7
104.28.27.0,40
173.194.226.0,9
104.16.235.0,44
104.27.165.0,40
104.16.23.0,43
167.89.54.0,3
104.18.44.0,38
104.27.135.0,38
216.21.13.0,5
198.105.196.0,3
104.25.228.0,40
104.31.71.0,43
104.28.106.0,40
65.22.233.0,3
104.25.167.0,40
156.154.156.0,10
104.17.199.0,43
104.29.66.0,38
104.24.247.0,44
104.20.238.0,46
8.44.83.0,3
146.112.62.0,4
65.22.111.0,22
143.107.146.0,2
104.27.3.0,42
107.154.75.0,4
65.22.6.0,4
151.101.240.0,13
104.17.219.0,44
72.42.117.0,24
104.37.177.0,7
151.101.202.0,13
65.22.152.0,4
23.238.29.0,2
104.31.115.0,43
104.20.36.0,42
104.27.20.0,42
162.159.210.0,43
192.16.38.0,18
95.87.100.0,2
104.19.43.0,43
216.59.61.0,2
185.143.232.0,6
45.57.40.0,20
185.18.185.0,7
185.62.164.0,4
173.194.105.0,10
216.239.38.0,7
104.25.39.0,42
35.190.103.0,25
104.19.60.0,43
104.16.150.0,43
198.143.59.0,5
104.20.235.0,46
216.199.0.0,3
104.17.126.0,43
195.27.1.0,7
104.19.64.0,42
104.27.77.0,44
104.18.32.0,38
104.18.60.0,37
104.27.142.0,39
104.25.208.0,42
172.64.72.0,34
120.29.254.0,5
104.20.72.0,40
192.230.109.0,3
203.130.63.0,14
107.154.183.0,5
104.24.208.0,43
104.29.23.0,38
104.31.169.0,39
104.25.28.0,42
104.16.31.0,42
104.24.249.0,44
104.28.236.0,40
172.64.129.0,43
104.30.11.0,37
208.83.138.0,4
65.22.184.0,4
80.91.57.0,3
199.249.119.0,16
65.22.170.0,4
54.255.187.0,2
194.0.47.0,37
107.162.143.0,7
35.190.14.0,29
172.64.65.0,34
80.80.80.0,6
45.250.72.0,4
104.16.73.0,42
104.17.12.0,42
104.17.59.0,43
104.16.115.0,44
5.226.180.0,3
104.19.225.0,40
104.24.109.0,40
195.46.39.0,6
35.190.58.0,27
192.124.249.0,7
104.25.168.0,43
151.101.214.0,12
172.64.138.0,43
45.54.33.0,7
2.16.40.0,7
172.64.30.0,16
104.20.77.0,43
104.17.156.0,43
104.28.111.0,40
104.16.206.0,44
68.87.64.0,4
65.22.205.0,3
104.16.122.0,42
130.211.11.0,26
65.22.84.0,4
104.24.87.0,40
104.19.24.0,43
104.17.61.0,44
104.16.112.0,42
74.208.255.0,3
65.22.130.0,5
125.208.41.0,2
104.20.8.0,44
198.27.92.0,8
104.19.92.0,45
104.19.15.0,42
185.167.176.0,10
65.22.185.0,3
4.2.2.0,8
104.16.93.0,40
194.68.45.0,3
104.28.169.0,42
151.101.146.0,12
104.20.231.0,45
104.23.113.0,46
104.17.92.0,43
104.17.49.0,40
104.24.54.0,42
104.16.110.0,45
104.24.47.0,42
65.22.214.0,4
198.143.62.0,15
104.17.84.0,45
104.27.154.0,39
65.22.96.0,4
35.190.21.0,29
188.172.248.0,10
104.31.170.0,40
65.22.117.0,3
104.20.227.0,46
131.253.33.0,14
104.31.130.0,40
104.156.84.0,19
192.229.211.0,8
91.195.25.0,2
107.154.185.0,5
173.252.67.0,18
104.23.112.0,46
104.31.229.0,39
104.20.175.0,46
104.28.209.0,42
162.159.224.0,42
104.17.35.0,40
104.27.214.0,43
104.23.138.0,43
204.26.57.0,37
104.19.85.0,43
107.178.254.0,29
104.17.122.0,43
65.22.178.0,5
108.59.163.0,7
185.38.108.0,10
104.24.27.0,42
104.16.250.0,44
104.17.100.0,43
107.154.253.0,4
35.190.26.0,27
162.159.232.0,45
192.230.64.0,14
191.96.128.0,5
72.42.124.0,23
104.17.175.0,44
68.142.255.0,9
8.8.8.0,30
104.28.56.0,43
172.64.14.0,16
192.175.48.0,25
209.200.152.0,7
104.17.226.0,43
104.17.60.0,43
172.64.5.0,16
104.17.157.0,42
84.203.254.0,3
72.52.7.0,6
104.24.26.0,43
200.136.11.0,2
72.29.161.0,3
104.17.184.0,44
104.18.41.0,37
104.17.132.0,44
45.35.203.0,3
104.31.79.0,42
130.211.24.0,27
167.89.23.0,3
104.25.251.0,44
104.17.207.0,44
104.17.11.0,43
104.18.42.0,38
104.27.115.0,43
104.16.237.0,45
104.28.231.0,40
162.159.19.0,45
104.19.76.0,43
104.27.119.0,40
65.22.114.0,5
162.88.2.0,15
217.160.80.0,3
204.70.128.0,4
104.28.196.0,43
104.19.122.0,46
104.16.17.0,43
192.16.33.0,8
35.186.195.0,26
185.136.99.0,10
65.22.210.0,4
104.31.27.0,45
35.190.48.0,25
104.17.158.0,44
199.19.4.0,8
65.22.56.0,4
104.28.134.0,43
104.20.37.0,43
65.22.151.0,23
151.101.219.0,13
104.29.67.0,36
198.232.124.0,8
35.190.41.0,28
35.190.102.0,29
104.20.55.0,42
213.196.2.0,5
167.89.94.0,3
104.16.219.0,44
35.186.207.0,27
162.159.11.0,46
130.211.47.0,26
8.254.13.0,7
104.25.144.0,39
107.154.249.0,4
216.59.57.0,5
91.218.135.0,4
104.20.184.0,44
130.211.30.0,27
104.17.243.0,43
35.186.220.0,29
104.24.133.0,42
104.31.136.0,40
179.0.139.0,2
203.55.143.0,3
104.27.132.0,40
150.164.82.0,2
104.25.201.0,40
104.17.70.0,43
104.28.212.0,40
104.27.180.0,38
104.20.62.0,43
104.31.227.0,39
104.27.84.0,44
35.186.236.0,27
104.16.51.0,43
107.154.108.0,3
65.22.221.0,4
35.190.4.0,25
104.27.79.0,45
104.24.188.0,40
114.141.72.0,7
104.20.155.0,46
130.211.45.0,26
104.28.114.0,40
91.236.182.0,5
104.16.105.0,43
104.24.237.0,42
104.20.92.0,43
104.25.65.0,42
172.64.204.0,40
104.27.217.0,42
170.210.60.0,2
194.0.16.0,5
104.20.139.0,44
107.154.174.0,4
199.19.1.0,6
74.116.179.0,8
66.43.137.0,3
198.252.96.0,4
104.31.8.0,40
104.31.165.0,40
104.24.229.0,45
104.17.6.0,44
104.27.65.0,44
65.22.57.0,4
104.25.172.0,42
151.101.109.0,12
104.20.133.0,44
104.24.56.0,43
172.64.105.0,40
69.169.227.0,2
104.19.34.0,43
194.0.36.0,38
216.87.155.0,4
104.17.180.0,45
104.17.137.0,43
167.89.10.0,3
104.17.145.0,44
35.190.76.0,25
35.186.217.0,27
104.25.92.0,42
172.64.9.0,17
216.190.252.0,4
104.20.180.0,43
104.19.100.0,43
35.186.252.0,27
185.24.64.0,9
104.19.111.0,44
192.229.173.0,8
65.22.142.0,4
104.20.177.0,45
104.244.45.0,8
172.64.12.0,16
64.4.48.0,15
104.16.174.0,44
65.22.242.0,3
58.65.254.0,2
65.22.158.0,4
192.92.125.0,5
104.28.105.0,39
185.190.82.0,3
104.17.13.0,44
104.24.234.0,42
104.17.23.0,44
91.244.180.0,2
107.154.205.0,5
104.27.188.0,39
104.28.75.0,43
104.16.29.0,42
104.28.121.0,40
104.25.55.0,42
172.64.36.0,12
65.22.46.0,5
151.101.254.0,13
104.24.88.0,43
104.27.168.0,39
104.17.98.0,44
104.28.21.0,39
65.22.243.0,24
104.25.183.0,39
27.100.39.0,5
35.186.233.0,29
104.25.219.0,40
104.20.195.0,43
198.37.149.0,3
104.20.98.0,46
152.195.58.0,9
151.101.166.0,2
104.31.191.0,40
104.17.2.0,44
104.28.135.0,43
104.17.1.0,43
104.16.170.0,44
104.16.213.0,45
162.219.55.0,4
104.24.193.0,40
65.22.40.0,4
97.74.151.0,9
104.31.163.0,39
185.159.197.0,4
104.17.184.0,42
104.27.212.0,42
104.17.175.0,43
198.41.2.0,6
104.17.199.0,42
104.28.49.0,42
65.22.186.0,4
104.16.166.0,45
130.211.5.0,28
104.17.222.0,43
65.22.131.0,23
104.17.151.0,43
104.19.46.0,44
192.0.75.0,18
104.19.105.0,45
35.190.30.0,26
104.28.178.0,40
35.190.110.0,29
172.64.171.0,40
203.130.50.0,12
104.24.118.0,40
92.223.96.0,3
151.139.244.0,16
72.0.59.0,24
107.154.100.0,5
103.86.68.0,2
23.111.248.0,3
204.71.116.0,3
104.24.212.0,43
104.24.233.0,44
104.28.213.0,42
104.25.229.0,42
151.101.108.0,12
104.27.109.0,44
194.0.46.0,5
104.28.10.0,42
104.27.215.0,40
104.17.143.0,44
104.27.6.0,42
130.211.9.0,28
204.11.98.0,3
185.121.160.0,2
104.153.196.0,3
172.64.205.0,40
104.28.204.0,40
104.20.44.0,42
151.101.215.0,13
172.64.164.0,40
199.7.83.0,47
35.186.250.0,28
192.16.31.0,6
200.236.191.0,2
104.31.174.0,40
104.17.5.0,43
104.28.246.0,40
35.186.206.0,26
104.29.35.0,38
104.24.6.0,40
167.89.51.0,3
104.16.84.0,43
85.236.159.0,4
104.29.21.0,37
104.24.195.0,42
104.24.227.0,43
104.18.0.0,42
162.159.209.0,45
104.16.144.0,43
104.17.90.0,45
209.218.113.0,6
151.101.207.0,12
72.13.122.0,4
156.154.143.0,8
172.64.103.0,42
104.17.111.0,42
13.107.15.0,7
35.186.193.0,28
104.17.117.0,42
104.19.192.0,42
151.101.110.0,14
104.31.151.0,40
104.27.243.0,40
104.19.17.0,42
104.16.36.0,43
163.10.28.0,2
104.20.171.0,47
27.130.0.0,2
192.230.108.0,2
37.235.105.0,7
104.16.198.0,46
104.17.236.0,42
104.31.1.0,40
104.25.170.0,40
104.17.58.0,43
65.22.208.0,4
104.20.140.0,43
35.190.55.0,25
35.190.42.0,28
104.17.25.0,44
35.190.55.0,26
104.31.187.0,39
216.87.150.0,6
152.195.32.0,9
104.17.227.0,44
104.25.248.0,44
199.115.157.0,14
104.20.141.0,43
198.7.29.0,19
104.28.136.0,42
202.232.2.0,4
35.186.253.0,27
104.28.98.0,42
162.159.3.0,45
104.24.252.0,44
199.19.55.0,4
130.211.13.0,29
184.26.160.0,6
65.22.91.0,22
104.20.150.0,46
172.64.68.0,34
104.25.188.0,40
42.83.130.0,2
104.24.15.0,40
193.108.88.0,16
199.7.91.0,30
198.37.147.0,3
65.22.124.0,4
168.245.39.0,3
144.232.187.0,7
192.28.93.0,13
104.23.115.0,46
107.154.173.0,4
104.20.89.0,42
212.227.222.0,2
173.243.60.0,3
209.173.58.0,6
198.208.9.0,3
104.18.10.0,43
104.23.134.0,43
35.186.204.0,27
104.16.199.0,47
143.107.172.0,2
104.19.55.0,45
151.101.136.0,2
104.27.42.0,40
150.164.77.0,2
103.209.59.0,3
104.17.75.0,42
104.16.140.0,42
107.154.251.0,14
222.62.203.0,2
104.31.223.0,40
151.101.251.0,12
104.20.182.0,44
104.16.114.0,44
104.17.191.0,42
104.23.110.0,46
72.42.119.0,24
64.185.183.0,8
104.16.81.0,44
179.63.249.0,4
104.25.138.0,42
104.25.38.0,40
35.186.226.0,30
104.25.108.0,43
104.16.193.0,45
173.194.231.0,10
35.190.127.0,26
104.25.69.0,43
104.19.95.0,43
104.19.108.0,45
104.31.171.0,39
104.17.208.0,45
108.161.188.0,8
35.190.61.0,30
104.17.141.0,45
167.89.46.0,3
199.254.49.0,3
104.27.145.0,39
152.195.63.0,10
104.16.255.0,43
172.64.207.0,40
35.190.118.0,26
167.89.58.0,3
104.16.210.0,44
104.25.101.0,42
104.19.131.0,40
35.190.38.0,28
83.218.23.0,3
199.115.154.0,3
104.25.230.0,42
107.154.1.0,6
64.41.112.0,3
8.8.4.0,30
185.121.177.0,14
104.31.146.0,40
104.25.129.0,40
35.186.203.0,30
35.190.125.0,27
104.20.178.0,45
192.88.83.0,8
104.19.3.0,44
104.24.177.0,44
162.88.50.0,13
151.101.244.0,13
104.28.125.0,43
104.20.188.0,46
199.43.134.0,4
104.103.234.0,15
66.220.155.0,2
35.186.197.0,27
104.16.238.0,44
65.22.177.0,4
104.17.88.0,44
162.159.20.0,45
69.172.252.0,3
104.18.59.0,38
104.28.159.0,42
104.31.175.0,39
208.134.245.0,4
46.231.120.0,3
104.19.42.0,42
104.27.143.0,40
192.230.113.0,4
207.218.247.0,9
104.31.185.0,39
45.54.51.0,4
173.194.246.0,10
104.27.63.0,43
69.66.0.0,3
104.27.108.0,42
104.17.130.0,43
104.24.97.0,39
104.24.12.0,42
104.28.112.0,42
199.115.152.0,4
150.171.254.0,3
104.29.79.0,36
104.25.221.0,40
104.25.42.0,43
64.86.239.0,8
104.16.227.0,45
104.16.204.0,45
104.28.199.0,42
65.22.239.0,22
104.25.75.0,43
104.31.26.0,46
104.17.250.0,44
104.31.93.0,40
167.89.33.0,3
104.16.180.0,44
143.107.240.0,2
65.22.115.0,22
157.240.36.0,4
176.124.112.0,14
151.101.123.0,2
104.31.194.0,39
104.28.226.0,42
68.232.35.0,7
35.190.84.0,25
35.186.194.0,28
104.25.205.0,40
104.17.53.0,43
104.28.85.0,45
35.190.10.0,27
190.93.247.0,48
104.18.14.0,42
198.37.150.0,3
104.29.17.0,37
104.17.107.0,43
192.52.178.0,3
104.17.103.0,42
104.23.197.0,45
104.20.48.0,43
167.89.77.0,3
104.31.207.0,40
13.107.52.0,8
199.96.61.0,3
104.17.129.0,44
66.241.150.0,5
104.16.231.0,43
172.64.43.0,12
104.25.136.0,43
192.230.103.0,6
35.190.62.0,24
192.249.82.0,2
167.89.24.0,3
204.14.180.0,4
104.20.187.0,44
65.22.104.0,4
194.58.194.0,3
104.16.1.0,45
104.16.7.0,42
104.28.51.0,40
185.2.225.0,10
104.17.228.0,43
104.28.167.0,44
104.20.11.0,44
194.0.38.0,6
35.190.23.0,28
185.37.39.0,6
104.20.229.0,46
220.243.253.0,2
65.22.144.0,4
69.28.180.0,13
104.17.132.0,43
13.107.5.0,10
104.20.33.0,42
104.23.139.0,43
104.20.52.0,43
192.230.106.0,7
104.20.221.0,45
104.17.241.0,43
151.101.65.0,20
104.27.28.0,43
104.31.143.0,40
167.89.48.0,3
58.65.253.0,4
65.22.24.0,4
104.27.211.0,42
35.186.202.0,27
65.22.110.0,4
151.101.200.0,13
104.27.76.0,40
117.18.232.0,8
104.25.187.0,42
13.107.42.0,22
35.186.219.0,28
103.49.80.0,3
104.16.212.0,44
199.66.207.0,4
104.23.100.0,46
104.17.215.0,44
199.249.122.0,14
104.29.29.0,37
173.194.84.0,10
104.20.152.0,46
35.190.107.0,28
185.89.21.0,5
104.20.68.0,43
172.64.78.0,37
104.31.25.0,45
104.20.70.0,42
72.0.53.0,24
207.223.164.0,10
167.89.87.0,3
104.153.197.0,5
167.89.86.0,3
192.35.51.0,4
104.28.220.0,42
104.20.53.0,43
104.25.11.0,40
72.52.9.0,7
65.22.105.0,4
107.154.159.0,6
151.101.250.0,13
104.27.48.0,43
200.136.72.0,2
107.154.149.0,3
104.19.77.0,43
108.161.189.0,9
192.16.32.0,7
104.24.141.0,40
35.190.26.0,28
104.17.250.0,43
104.17.159.0,42
104.16.118.0,44
104.25.198.0,40
104.31.94.0,40
151.101.66.0,19
104.25.78.0,43
150.164.197.0,2
8.253.167.0,13
104.27.147.0,42
130.211.34.0,27
199.249.114.0,16
93.93.93.0,3
65.22.92.0,4
150.164.45.0,2
13.107.50.0,4
107.162.131.0,7
172.64.24.0,15
65.22.229.0,4
42.83.133.0,3
176.97.158.0,8
104.19.104.0,46
192.230.65.0,14
104.25.196.0,44
104.16.191.0,43
23.111.11.0,9
45.57.9.0,15
143.107.49.0,2
104.24.181.0,42
104.25.140.0,43
95.100.175.0,8
104.31.156.0,40
104.27.86.0,46
107.154.84.0,6
104.17.110.0,43
104.20.232.0,46
192.48.79.0,6
199.249.123.0,12
35.190.14.0,27
104.18.55.0,38
104.20.170.0,49
208.76.152.0,4
104.28.7.0,40
104.16.164.0,44
199.255.120.0,9
104.37.183.0,5
167.89.45.0,3
104.17.36.0,40
65.22.159.0,23
72.52.12.0,8
200.19.159.0,2
104.20.220.0,45
104.77.192.0,2
104.28.206.0,43
194.69.149.0,9
104.24.45.0,44
104.16.74.0,40
35.190.21.0,27
104.25.250.0,42
104.24.235.0,44
163.10.6.0,2
104.28.68.0,44
35.190.92.0,25
143.107.53.0,2
104.29.11.0,38
104.24.171.0,40
104.27.241.0,38
104.17.83.0,45
149.126.73.0,3
8.20.243.0,4
104.24.250.0,43
162.159.29.0,46
216.52.158.0,4
104.17.8.0,45
200.144.190.0,2
200.94.176.0,3
104.17.71.0,45
172.64.58.0,37
173.194.111.0,10
104.27.184.0,40
104.25.49.0,40
104.20.87.0,44
104.25.240.0,40
209.112.123.0,6
104.24.152.0,43
42.83.131.0,2
192.158.243.0,7
31.131.255.0,6
200.131.2.0,2
125.208.39.0,2
178.154.131.0,10
162.159.15.0,46
172.64.106.0,44
104.24.142.0,43
104.17.171.0,44
104.19.66.0,45
209.197.3.0,12
204.61.216.0,35
185.136.98.0,10
107.162.135.0,7
104.19.200.0,43
208.78.29.0,5
104.25.16.0,40
